z,score,contributing_lines
1.9,1.1740298548351047,5
1.9004999999999999,1.174417776102344,5
1.9009999999999998,1.1748056973695833,5
1.9015,1.1751936186368226,5
1.902,1.1755815399040623,5
1.9024999999999999,1.1759694611713014,5
1.9029999999999998,1.1763573824385407,5
1.9035,1.1767453037057805,5
1.904,1.1771332249730195,5
1.9044999999999999,1.1775211462402588,5
1.9049999999999998,1.1779090675074981,5
1.9055,1.1782969887747379,5
1.906,1.178684910041977,5
1.9064999999999999,1.1790728313092167,5
1.9069999999999998,1.179460752576456,5
1.9075,1.1798486738436953,5
1.908,1.1802365951109346,5
1.9084999999999999,1.1806245163781741,5
1.9089999999999998,1.1810124376454132,5
1.9095,1.181400358912653,5
1.91,1.1817882801798922,5
1.9104999999999999,1.1821762014471313,5
1.9109999999999998,1.1825641227143706,5
1.9115,1.1829520439816104,5
1.912,1.1833399652488494,5
1.9124999999999999,1.1837278865160887,5
1.9129999999999998,1.1841158077833283,5
1.9135,1.1845037290505676,5
1.914,1.1848916503178069,5
1.9144999999999999,1.1852795715850464,5
1.9149999999999998,1.1856674928522857,5
1.9155,1.1860554141195248,5
1.916,1.1864433353867645,5
1.9164999999999999,1.186831256654004,5
1.9169999999999998,1.187219177921243,5
1.9175,1.1876070991884826,5
1.918,1.1879950204557221,5
1.9184999999999999,1.1883829417229612,5
1.9189999999999998,1.1887708629902005,5
1.9195,1.1891587842574403,5
1.92,1.1895467055246791,5
1.9204999999999999,1.1899346267919186,5
1.9209999999999998,1.190322548059158,5
1.9215,1.1907104693263972,5
1.922,1.1910983905936365,5
1.9224999999999999,1.191486311860876,5
1.9229999999999998,1.1918742331281158,5
1.9235,1.1922621543953549,5
1.924,1.1926500756625944,5
1.9244999999999999,1.193037996929834,5
1.9249999999999998,1.1934259181970732,5
1.9255,1.1938138394643125,5
1.926,1.194201760731552,5
1.9264999999999999,1.1945896819987911,5
1.9269999999999998,1.1949776032660304,5
1.9275,1.1953655245332702,5
1.928,1.1957534458005095,5
1.9284999999999999,1.1961413670677485,5
1.9289999999999998,1.1965292883349878,5
1.9295,1.1969172096022274,5
1.93,1.1973051308694669,5
1.9304999999999999,1.1976930521367062,5
1.9309999999999998,1.1980809734039455,5
1.9315,1.1984688946711848,5
1.932,1.1988568159384243,5
1.9324999999999999,1.1992447372056638,5
1.9329999999999998,1.199632658472903,5
1.9335,1.2000205797401424,5
1.934,1.200408501007382,5
1.9344999999999999,1.200796422274621,5
1.9349999999999998,1.2011843435418603,5
1.9355,1.2015722648091,5
1.936,1.2019601860763391,5
1.9364999999999999,1.2023481073435784,5
1.9369999999999998,1.202736028610818,5
1.9375,1.2031239498780573,5
1.938,1.2035118711452966,5
1.9385,1.2038997924125359,5
1.9389999999999998,1.2042877136797756,5
1.9395,1.2046756349470147,5
1.94,1.2050635562142542,5
1.9405,1.2054514774814937,5
1.9409999999999998,1.2058393987487328,5
1.9415,1.2062273200159725,5
1.942,1.2066152412832118,5
1.9425,1.207003162550451,5
1.9429999999999998,1.2073910838176902,5
1.9435,1.20777900508493,5
1.944,1.208166926352169,5
1.9445,1.2085548476194083,5
1.9449999999999998,1.2089427688866479,5
1.9455,1.2093306901538872,5
1.946,1.2097186114211265,5
1.9465,1.210106532688366,5
1.9469999999999998,1.2104944539556053,5
1.9475,1.2108823752228446,5
1.948,1.2112702964900839,5
1.9485,1.2116582177573239,5
1.9489999999999998,1.212046139024563,5
1.9495,1.2124340602918022,5
1.95,1.212821981559042,5
1.9505,1.2132099028262808,5
1.9509999999999998,1.2135978240935201,5
1.9515,1.2139857453607599,5
1.952,1.2143736666279992,5
1.9525,1.214761587895238,5
1.9529999999999998,1.2151495091624778,5
1.9535,1.207607968659456,5
1.954,1.1932508786726161,5
1.9545,1.178893788685767,5
1.9549999999999998,1.1477374627727803,5
1.9555,1.0891215477784255,5
1.956,1.0305056327839932,5
1.9565,0.9904864883403235,5
1.9569999999999999,1.0157464288475073,5
1.9575,1.041006369354724,5
1.958,1.0635506522489606,5
1.9585,1.0460533143959423,5
1.9589999999999999,1.028555976542912,5
1.9595,1.0110586386898586,5
1.96,0.9949189964207892,5
1.9605,0.9786988642079415,5
1.9609999999999999,0.9624787319950723,5
1.9615,0.9278896689807555,5
1.962,0.885879048438745,5
1.9625,0.8438684278966792,5
1.9629999999999999,0.854945613790874,5
1.9635,0.9068326694586795,5
1.964,0.9587197251265528,5
1.9645,0.991664791351792,5
1.9649999999999999,0.9962907863772003,5
1.9655,1.000916781402585,5
1.966,1.0082948523504607,5
1.9665,1.0253601982105187,5
1.9669999999999999,1.0424255440705634,5
1.9675,1.0578812416971266,5
1.968,1.0686316985186395,5
1.9685,1.0793821553401561,5
1.9689999999999999,1.090132612161687,5
1.9695,1.0882190597885764,5
1.97,1.0863367568210733,5
1.9705,1.0844544538536063,5
1.9709999999999999,1.0754932166775404,5
1.9715,1.0644127277913904,5
1.972,1.05333223890527,5
1.9725,1.058629364646789,5
1.9729999999999999,1.072680892126246,5
1.9735,1.0867324196057158,5
1.974,1.1059644237482258,5
1.9745,1.126887488782909,5
1.9749999999999999,1.147810553817588,5
1.9754999999999998,1.163564613156553,5
1.976,1.1629621072194944,5
1.9765,1.1623596012823816,5
1.9769999999999999,1.161057044220725,5
1.9775,1.1538935071107217,5
1.978,1.146729970000762,5
1.9785,1.1391274511063434,5
1.9789999999999999,1.117293186069437,5
1.9794999999999998,1.0978811437438203,5
1.98,1.0784691014182033,5
1.9805,1.0868388484048581,5
1.9809999999999999,1.103749973555597,5
1.9815,1.1206610987063579,5
1.982,1.1352144443842647,5
1.9825,1.148931570081046,5
1.9829999999999999,1.1626486957777908,5
1.9834999999999998,1.1810247222355044,5
1.984,1.2029878422587772,5
1.9845,1.2249509622820498,5
1.9849999999999999,1.2389189453520453,5
1.9855,1.2266327609873042,5
1.986,1.2143465766226023,5
1.9865,1.1994421084509472,5
1.9869999999999999,1.1782168194401041,5
1.9874999999999998,1.1569915304292915,5
1.988,1.1355754375189442,5
1.9885,1.1072828043034666,5
1.9889999999999999,1.078673251757386,5
1.9895,1.0500636992112675,5
1.99,1.021248006295427,5
1.9905,0.9940221083308349,5
1.9909999999999999,0.9667962103662179,5
1.9914999999999998,0.9493772733829656,5
1.992,0.936537763648675,5
1.9925,0.9236982539143845,5
1.9929999999999999,0.926236712171002,5
1.9935,0.9357383469199473,5
1.994,0.9452399816688685,5
1.9945,0.9526857796369826,5
1.9949999999999999,0.956329282374954,5
1.9954999999999998,0.9599727851129247,5
1.996,0.9602020512298463,5
1.9965,0.9460624122312231,5
1.9969999999999999,0.9319227732326496,5
1.9974999999999998,0.917701946398985,5
1.998,0.9103061395234376,5
1.9985,0.9033732558185993,5
1.9989999999999999,0.8964403721137809,5
1.9994999999999998,0.8922142603012232,5
2.0,0.8950162698024462,5
2.0004999999999997,0.897818279303717,5
2.001,0.9095156566826098,5
2.0015,0.9227079153841157,5
2.002,0.9359001740855746,5
2.0025,0.9663254100359776,5
2.003,1.0034638021546747,5
2.0035,1.0406021942733719,5
2.004,1.0662680949513454,5
2.0044999999999997,1.0796104722048527,5
2.005,1.092952849458361,5
2.0055,1.1014441246949274,5
2.006,1.0832525844120549,5
2.0065,1.065061044129134,5
2.007,1.0461156296514826,5
2.0075,1.036216860781031,5
2.008,1.026922844630193,5
2.0084999999999997,1.0177608827666889,5
2.009,1.0429566999760076,5
2.0095,1.0750500042355657,5
2.01,1.1071433084950497,5
2.0105,1.121544962667901,5
2.011,1.1267785633746372,5
2.0115,1.1320121640813734,5
2.012,1.1230992808196278,5
2.0124999999999997,1.106354856379186,5
2.013,1.0896104319387447,5
2.0135,1.0815144643301897,5
2.014,1.0787297671648821,5
2.0145,1.0759450699995767,5
2.015,1.0650955090493441,5
2.0155,1.0469594874751256,5
2.016,1.028823465900907,5
2.0164999999999997,1.0173228525205449,5
2.017,1.0246182033098719,5
2.0175,1.031795530121979,5
2.018,1.0390929146590226,5
2.0185,1.0345255114763285,5
2.019,1.0266920464546503,5
2.0195,1.0103445064231389,5
2.02,0.9916906619198648,5
2.0204999999999997,0.9802103649682603,5
2.021,0.9629933808308697,5
2.0215,0.8498503000980207,5
2.022,0.723021270384652,5
2.0225,0.5961922406710504,5
2.023,0.6167456109924492,5
2.0235,0.6845022717487973,5
2.024,0.7522589325052762,5
2.0244999999999997,0.7523428793459831,5
2.025,0.6995602907419994,5
2.0255,0.6467777021379808,5
2.026,0.6119426165652794,5
2.0265,0.6186257203296248,5
2.027,0.6254242627491882,5
2.0275,0.634836810830011,5
2.028,0.6509147569611061,5
2.0284999999999997,0.6660963375381429,5
2.029,0.668811828909746,5
2.0295,0.6543351706260889,5
2.03,0.6416490119012562,5
2.0305,0.6210210250172028,5
2.031,0.4768901779966954,5
2.0315,0.31434071945270675,5
2.032,0.1517912609087566,5
2.0324999999999998,0.18357361756592078,5
2.033,0.26553169253380826,5
2.0335,0.3474897675017745,5
2.034,0.3588121402753926,5
2.0345,0.27975277261159825,5
2.035,0.200693404947817,5
2.0355,0.1432641401547626,5
2.036,0.063204583907337,5
2.0364999999999998,-0.023344820351456606,5
2.037,-0.1067837725695246,5
2.0375,-0.1676639737681811,5
2.038,-0.26014718956175403,5
2.0385,-0.3524584591047457,5
2.039,-0.36832177710143144,5
2.0395,-0.26803184175194505,5
2.04,-0.16774190640234013,5
2.0404999999999998,-0.05358473050990221,5
2.041,0.06119025068941561,5
2.0415,0.1711542062071283,5
2.042,0.27600755447062925,5
2.0425,0.3997385229869752,5
2.043,0.5301891755027986,5
2.0435,0.6583971927811472,5
2.044,0.7323273219605139,5
2.0444999999999998,0.8191182135714322,5
2.045,0.9006473997329215,5
2.0455,0.8740680539694907,5
2.046,0.8236745263174485,5
2.0465,0.7717025092453754,5
2.047,0.6977113787907072,5
2.0475,0.6177716032314963,5
2.048,0.5406396718459655,5
2.0484999999999998,0.5258497475651873,5
2.049,0.5422988068650879,5
2.0495,0.557338516722871,5
2.05,0.5669584141703737,5
2.0505,0.6589758336182223,5
2.051,0.7344974915936603,5
2.0515,0.7873186121015542,5
2.052,0.8331778553039526,5
2.0524999999999998,0.8595081132342752,5
2.053,0.8856495478282684,5
2.0535,0.8898281177014026,5
2.054,0.8733592336102111,5
2.0545,0.8575254020279467,5
2.0549999999999997,0.8237052672836892,5
2.0555,0.751701093950227,5
2.056,0.6983938752894759,5
2.0564999999999998,0.6354558197021581,5
2.057,0.5792506103179111,5
2.0575,0.5465910162343304,5
2.058,0.5092864019318464,5
2.0585,0.4656248439580801,5
2.059,0.42613734449521046,5
2.0595,0.3682773702158625,5
2.06,0.37376629605830697,5
2.0604999999999998,0.4131725969879356,5
2.061,0.4504839314724072,5
2.0615,0.49468095807957946,5
2.062,0.5074112000414857,5
2.0625,0.49893470910474197,5
2.0629999999999997,0.4918449896461613,5
2.0635,0.44478382265509037,5
2.064,0.4067933715155841,5
2.0645,0.386300138687313,5
2.065,0.35555269269281164,5
2.0655,0.3209892199188745,5
2.066,0.2702560092931068,5
2.0665,0.16289220057076062,5
2.067,0.0468427429625938,5
2.0675,-0.06792085373061028,5
2.068,-0.15923340906401326,5
2.0685,-0.2206471451673258,5
2.069,-0.2887052011706994,5
2.0695,-0.3173500115654099,5
2.07,-0.23656554361902515,5
2.0705,-0.1449208668296167,5
2.0709999999999997,-0.04579087898114254,5
2.0715,0.000727927813891482,5
2.072,0.02899588001712839,5
2.0725,0.05295615633083651,5
2.073,0.047630473448830396,5
2.0735,0.03300295401835572,5
2.074,0.026876995999946654,5
2.0745,0.015079786156041051,5
2.075,-0.0040213993201479005,5
2.0755,-0.03375973893065566,5
2.076,-0.08640360705670803,5
2.0765,-0.14769954105787428,5
2.077,-0.1656381428846147,5
2.0775,-0.17404809220690864,5
2.078,-0.15613716024001092,5
2.0785,-0.13020105717717265,5
2.0789999999999997,-0.11313621114279969,5
2.0795,-0.04073455363324386,5
2.08,0.023374294472293937,5
2.0805,0.09484039183451497,5
2.081,0.14538498304272288,5
2.0815,0.19462031718982414,5
2.082,0.22906104487445123,5
2.0825,0.23925917770753272,5
2.083,0.19534132551427302,5
2.0835,0.14401509073208058,5
2.084,0.099347305469435,5
2.0845,0.07903970402877897,5
2.085,0.07319018764596838,5
2.0855,0.06940863442131781,5
2.086,0.0866499207624783,5
2.0865,0.12832463968158692,5
2.0869999999999997,0.1684253047020418,5
2.0875,0.2120256295699209,5
2.088,0.25213601286941867,5
2.0885,0.29255658588498984,5
2.089,0.30624046633869983,5
2.0895,0.29667214322956353,5
2.09,0.283202086377854,5
2.0905,0.2824852053298685,5
2.091,0.35355834209407705,5
2.0915,0.4001067485044018,5
2.092,0.4454129752054255,5
2.0925,0.3404159902116146,5
2.093,0.22549568153268934,5
2.0935,0.1105753728537156,5
2.094,0.07331561657653295,5
2.0945,0.05478141302687563,5
2.0949999999999998,0.03590538693754815,5
2.0955,-0.012588581866818849,5
2.096,-0.09403371010904925,5
2.0965,-0.18252439991241123,5
2.097,-0.27515425401814325,5
2.0975,-0.34260829575457874,5
2.098,-0.37447858573351367,5
2.0985,-0.4003659834780069,5
2.0989999999999998,-0.37275683742697296,5
2.0995,-0.379999141713778,5
2.1,-0.3872414460005781,5
2.1005,-0.370828940623796,5
2.101,-0.3439370002454845,5
2.1015,-0.3102339761855964,5
2.102,-0.31015310314704475,5
2.1025,-0.3550957101249855,5
2.1029999999999998,-0.3991167391130784,5
2.1035,-0.4110078178238623,5
2.104,-0.37945826069455246,5
2.1045,-0.3429238566792563,5
2.105,-0.31374063838025745,5
2.1055,-0.327961500666012,5
2.106,-0.33968018144412004,5
2.1065,-0.35901046787927837,5
2.1069999999999998,-0.3800401229289942,5
2.1075,-0.3877618677221646,5
2.108,-0.3945640486905456,5
2.1085,-0.38598133206328766,5
2.109,-0.3955409441346975,5
2.1095,-0.4251513255058041,5
2.11,-0.4665902063671007,5
2.1105,-0.5198320183447802,5
2.1109999999999998,-0.555392386231142,5
2.1115,-0.5730848586444607,5
2.112,-0.49093355135599637,5
2.1125,-0.4344176763949493,5
2.113,-0.39238018437980177,5
2.1135,-0.3611951152128391,5
2.114,-0.3341155437677632,5
2.1145,-0.31059511782206645,5
2.1149999999999998,-0.3208366220628159,5
2.1155,-0.32940627429232117,5
2.116,-0.3272156511933414,5
2.1165,-0.2660745089119243,5
2.117,-0.16193228839319435,5
2.1175,-0.05964653200644285,5
2.118,0.01118644646774928,5
2.1185,0.006027928166202599,5
2.1189999999999998,0.03366566490974215,5
2.1195,0.07905797511839043,5
2.12,0.041685761899274205,5
2.1205,0.023503467017894894,5
2.121,0.02148051748303536,5
2.1215,0.0598159637204049,5
2.122,0.10359241460278573,5
2.1225,0.12514397646030417,5
2.1229999999999998,0.1228750923825399,5
2.1235,0.10373724150308453,5
2.124,0.08214232789821094,5
2.1245,0.07824482722575862,5
2.125,0.0867985798919985,5
2.1255,0.08776227602185656,5
2.126,0.12804177620806748,5
2.1265,0.3101485789813501,5
2.127,0.4740880788830423,5
2.1275,0.6248055427854003,5
2.128,0.6693980085834885,5
2.1285,0.7057616251528492,5
2.129,0.7466415254942426,5
2.1295,0.7357970727616989,5
2.13,0.6861178399204844,5
2.1305,0.626762645048084,5
2.131,0.5380587361764738,5
2.1315,0.43576047509607546,5
2.132,0.32508374597528383,5
2.1325,0.24029898600367086,5
2.133,0.16775702832679792,5
2.1335,0.1360579172383566,5
2.134,0.08517268099255551,5
2.1345,0.0928390427839706,5
2.135,0.09623064364704115,5
2.1355,0.09972086356565106,5
2.136,0.13120373897053356,5
2.1365,0.16275517995626113,5
2.137,0.16696836025206463,5
2.1375,0.15607209378845016,5
2.138,0.11030708741017675,5
2.1385,0.06987237669001024,5
2.139,0.04192237648865063,5
2.1395,0.02927657536178644,5
2.14,0.011397066003085578,5
2.1405,-0.01949544026192847,5
2.141,-0.1264614928077693,5
2.1414999999999997,-0.2059626383271835,5
2.142,-0.24952158662384022,5
2.1425,-0.2512930325642885,5
2.143,-0.25228126219497093,5
2.1435,-0.2673873862553706,5
2.144,-0.3169456224340548,5
2.1445,-0.3738036927122395,5
2.145,-0.4406851048328764,5
2.1455,-0.49522184089813215,5
2.146,-0.5322464924798277,5
2.1465,-0.5733881967259017,5
2.147,-0.6030244166353008,5
2.1475,-0.5928378542888694,5
2.148,-0.5880089093849484,5
2.1485,-0.5819128718241342,5
2.149,-0.555380913845134,5
2.1494999999999997,-0.5301609080536728,5
2.15,-0.5194245048581024,5
2.1505,-0.5071913726578712,5
2.151,-0.4937999620653211,5
2.1515,-0.4625670756359737,5
2.152,-0.4261056185124413,5
2.1525,-0.37033623865828713,5
2.153,-0.31357096313099964,5
2.1535,-0.283916769706715,5
2.154,-0.36074352727129916,5
2.1545,-0.4312033675864421,5
2.155,-0.5043398226752216,5
2.1555,-0.598868221789502,5
2.156,-0.6998152457068355,5
2.1565,-0.7969322998936226,5
2.157,-0.8436680700436592,5
2.1574999999999998,-0.8461950064345575,5
2.158,-0.850833183031859,5
2.1585,-0.8450440981044803,5
2.159,-0.8432505817484793,5
2.1595,-0.8347309638592785,5
2.16,-0.7815619759170312,5
2.1605,-0.6319739182916978,5
2.161,-0.49518003864115384,5
2.1615,-0.3716825418303519,5
2.162,-0.2551620639861202,5
2.1625,-0.1526367278420162,5
2.163,-0.045876862209714,5
2.1635,-0.055816495174236674,5
2.164,-0.10907639613918899,5
2.1645,-0.13887350023164807,5
2.165,-0.221066254888016,5
2.1654999999999998,-0.35280022652457277,5
2.166,-0.4897947028000314,5
2.1665,-0.6465439869801384,5
2.167,-0.7974966057286934,5
2.1675,-0.9355270778237924,5
2.168,-1.0457267262141916,5
2.1685,-1.0805707626518168,5
2.169,-1.0973635888104536,5
2.1695,-1.1087210954276738,5
2.17,-0.9785709581207561,5
2.1705,-0.7985065548507222,5
2.171,-0.6541471350057422,5
2.1715,-0.53622393703905,5
2.172,-0.4599330551971749,5
2.1725,-0.40677817206045563,5
2.173,-0.35812798818177605,5
2.1734999999999998,-0.3896205877271148,5
2.174,-0.41175672953699727,5
2.1745,-0.4167096117597174,5
2.175,-0.4576477472861049,5
2.1755,-0.5021932601148179,5
2.176,-0.5518494368399386,5
2.1765,-0.6878330661844778,5
2.177,-0.832118383156531,5
2.1775,-0.9291640269921733,5
2.178,-0.966934708845603,5
2.1785,-0.9369139488905052,5
2.179,-0.9223576321931574,5
2.1795,-0.8910251719294686,5
2.18,-0.749656265514569,5
2.1805,-0.6400529977450865,5
2.181,-0.5585159232880385,5
2.1814999999999998,-0.4937466118572289,5
2.182,-0.44421383378248064,5
2.1825,-0.40124768194714155,5
2.183,-0.39693149451422166,5
2.1835,-0.40615356995061014,5
2.184,-0.4340287306963926,5
2.1845,-0.45449856237348707,5
2.185,-0.4557932023088687,5
2.1855,-0.4093144449749322,5
2.186,-0.37941127721439555,5
2.1865,-0.41596940611534167,5
2.187,-0.40512554880372603,5
2.1875,-0.3666272192066679,5
2.188,-0.31989641882721226,5
2.1885,-0.28260479294942936,5
2.189,-0.24508118958654548,5
2.1895,-0.14137751366910592,5
2.19,-0.03603475452193449,5
2.1905,0.06374998539425288,5
2.191,0.1797677961995734,5
2.1915,0.28759503471728126,5
2.192,0.4097060096888814,5
2.1925,0.48189164546986024,5
2.193,0.508155098966713,5
2.1935000000000002,0.48640845758939666,5
2.194,0.4464922316602903,5
2.1945,0.39433169197807455,5
2.195,0.3483442297813011,5
2.1955,0.3136716462306196,5
2.196,0.2917971104189414,5
2.1965,0.26907219512442593,5
2.197,0.23146100732356836,5
2.1975,0.16056293907343813,5
2.198,0.10040387510464785,5
2.1985,0.04874215579487893,5
2.199,0.03505773063859157,5
2.1995,0.0827480421716858,5
2.2,0.11260374071907396,5
2.2005,0.11894552825590277,5
2.201,0.16776010093851906,5
2.2015,0.22959097100588188,5
2.202,0.2915228474139421,5
2.2025,0.30119901082335493,5
2.203,0.28687156064877495,5
2.2035,0.25915302315335437,5
2.2039999999999997,0.1953007988520733,5
2.2045,0.11440587054672925,5
2.205,0.05282775232921799,5
2.2055,0.06267603230646575,5
2.206,0.11568633443547924,5
2.2065,0.2106675489866704,5
2.207,0.2762746191462037,5
2.2075,0.2768646144367115,5
2.208,0.2993540444834886,5
2.2085,0.34725101390169794,5
2.209,0.405527736622263,5
2.2095,0.44463709579059396,5
2.21,0.44915955805827074,5
2.2105,0.4549240220642929,5
2.211,0.4409899251558502,5
2.2115,0.4145084969832339,5
2.2119999999999997,0.4080861997715557,5
2.2125,0.4010038409739324,5
2.213,0.42675877784238864,5
2.2135,0.40344408395792725,5
2.214,0.38120268262930057,5
2.2145,0.35034202628978883,5
2.215,0.330772673928246,5
2.2155,0.3826379444092595,5
2.216,0.43870100150273367,5
2.2165,0.49255680960002357,5
2.217,0.5067538396839526,5
2.2175,0.4905442278909268,5
2.218,0.465853811869616,5
2.2185,0.45444522207497023,5
2.219,0.4473856700000492,5
2.2195,0.43911191832122287,5
2.2199999999999998,0.3921273683751662,5
2.2205,0.3269166797759993,5
2.221,0.28234251324959514,5
2.2215,0.28427351181379706,5
2.222,0.3288737294666726,5
2.2225,0.3904558637286637,5
2.223,0.455586278351079,5
2.2235,0.46749912921321163,5
2.224,0.4479151559247942,5
2.2245,0.41210280616427336,5
2.225,0.39114871379444444,5
2.2255,0.37694866929000054,5
2.226,0.35944815935217345,5
2.2265,0.3131243244618359,5
2.227,0.2774921926307758,5
2.2275,0.23063845420768714,5
2.2279999999999998,0.19282099946432996,5
2.2285,0.19248530172954362,5
2.229,0.194438612347733,5
2.2295,0.21679054363753467,5
2.23,0.21104469971994616,5
2.2305,0.2039298438522245,5
2.231,0.16561197783254758,5
2.2315,0.160925432407518,5
2.232,0.17142970105340494,5
2.2325,0.20203274658969717,5
2.233,0.22217350774190467,5
2.2335,0.23183751134314856,5
2.234,0.25062749529671585,5
2.2345,0.2468020496378456,5
2.235,0.27335000740135296,5
2.2355,0.32015656351581745,5
2.2359999999999998,0.3570944071106232,5
2.2365,0.34183266839328186,5
2.237,0.31759882567474196,5
2.2375,0.28725401062315525,5
2.238,0.27302247082533987,5
2.2385,0.2509546504082539,5
2.239,0.26327881727148145,5
2.2395,0.2777090776238237,5
2.24,0.27224286483648064,5
2.2405,0.255163950455325,5
2.241,0.2336922431580585,5
2.2415,0.16245792020247946,5
2.242,0.09121843780316631,5
2.2425,0.011247194339055782,5
2.243,-0.008211536114537905,5
2.2435,-0.023428459223453917,5
2.2439999999999998,-0.08095129913164976,5
2.2445,-0.11506008502125191,5
2.245,-0.1307079122315972,5
2.2455,-0.1219090671665945,5
2.246,-0.10566970809790414,5
2.2465,-0.11247473872617855,5
2.247,-0.11163148673993672,5
2.2475,-0.10871272773160247,5
2.248,-0.09099730246873348,5
2.2485,-0.07572654420832596,5
2.249,-0.04534746018023142,5
2.2495,-0.05134801796466017,5
2.25,-0.0526570878896848,5
2.2505,-0.05449541100958007,5
2.251,-0.12598198110634007,5
2.2515,-0.21131743182423202,5
2.252,-0.2928525163745237,5
2.2525,-0.37208708026537557,5
2.253,-0.44442640887662416,5
2.2535,-0.5355146589685861,5
2.254,-0.5921138447017281,5
2.2545,-0.6122839065267371,5
2.255,-0.618080546810133,5
2.2555,-0.6202349712010137,5
2.2560000000000002,-0.5811456714824663,5
2.2565,-0.5533279153474564,5
2.257,-0.5359301274361536,5
2.2575,-0.5302414217760498,5
2.258,-0.5263468439420826,5
2.2585,-0.5023918838181669,5
2.259,-0.43306252164651804,5
2.2595,-0.3543778447251954,5
2.26,-0.30204617839220166,5
2.2605,-0.29883302485219093,5
2.261,-0.31661387570499944,5
2.2615,-0.33638047759095835,5
2.262,-0.3414380324072733,5
2.2625,-0.3802352703453732,5
2.263,-0.43482277064339153,5
2.2635,-0.477979564911035,5
2.2640000000000002,-0.4825225736336319,5
2.2645,-0.4565783441198779,5
2.265,-0.46485080319041366,5
2.2655,-0.4900178943170066,5
2.266,-0.5218893036151969,5
2.2665,-0.5462618154672727,5
2.267,-0.5707169080758819,5
2.2675,-0.5775289218285827,5
2.268,-0.5820614166970494,5
2.2685,-0.610768716134517,5
2.269,-0.5716017791148745,5
2.2695,-0.5162271748909121,5
2.27,-0.45966764213000044,5
2.2705,-0.4635427698114191,5
2.271,-0.49395781772254244,5
2.2715,-0.47438977489650463,5
2.2720000000000002,-0.45546769541518634,5
2.2725,-0.4565182269659827,5
2.273,-0.4439269050871788,5
2.2735,-0.41619115854007266,5
2.274,-0.37128973969251583,5
2.2745,-0.32333992678332096,5
2.275,-0.2906714519274342,5
2.2755,-0.3398656509117346,5
2.276,-0.3778748502633213,5
2.2765,-0.378812650124589,5
2.277,-0.3604613784308574,5
2.2775,-0.34078060034553487,5
2.278,-0.34425361162172574,5
2.2785,-0.3661935441702002,5
2.279,-0.3972573402816751,5
2.2795,-0.43739783554256445,5
2.2800000000000002,-0.4500789397819038,5
2.2805,-0.42937601082270405,5
2.281,-0.4064255960922019,5
2.2815,-0.3862454447609286,5
2.282,-0.3600287129442309,5
2.2825,-0.3750291466834839,5
2.283,-0.4476843141566302,5
2.2835,-0.4890595012394271,5
2.284,-0.5235942327308882,5
2.2845,-0.5397761737566039,5
2.285,-0.5819026105548485,5
2.2855,-0.6286950710859578,5
2.286,-0.6428877955090712,5
2.2865,-0.6587324191461139,5
2.287,-0.6807394274056638,5
2.2875,-0.6768300078797396,5
2.288,-0.6523195280972565,5
2.2885,-0.6083609653449816,5
2.289,-0.5782157768033063,5
2.2895,-0.5551774335093562,5
2.29,-0.4893412589326316,5
2.2904999999999998,-0.43146592478838297,5
2.291,-0.36806971985167086,5
2.2915,-0.32552558001891085,5
2.292,-0.2759033611740317,5
2.2925,-0.2636910502905556,5
2.293,-0.30117253420155465,5
2.2935,-0.3665887037183909,5
2.294,-0.44860666961035556,5
2.2945,-0.5206526647030334,5
2.295,-0.5864933720295792,5
2.2955,-0.6323485963392245,5
2.296,-0.6591779042535285,5
2.2965,-0.6247726915218869,5
2.297,-0.5743576102890934,5
2.2975,-0.5641813538324719,5
2.298,-0.5496879029447795,5
2.2984999999999998,-0.5308562002282137,5
2.299,-0.4650478709947147,5
2.2995,-0.4165244516852599,5
2.3,-0.3924386613602853,5
2.3005,-0.33481648625555976,5
2.301,-0.2603269411016523,5
2.3015,-0.18359813763225527,5
2.302,-0.08857697713884242,5
2.3025,0.003893591806518292,5
2.303,0.05475919642431044,5
2.3035,0.09772474666410626,5
2.304,0.14313434861984906,5
2.3045,0.16327412932688073,5
2.305,0.16741829333673255,5
2.3055,0.10744139886962681,5
2.306,0.08262532911499723,5
2.3064999999999998,0.08885301603047269,5
2.307,-0.017415372045037566,5
2.3075,-0.1871653740135956,5
2.308,-0.37737542535914903,5
2.3085,-0.5247624949670285,5
2.309,-0.6162392108664123,5
2.3095,-0.6605287387501926,5
2.31,-0.679962272830754,5
2.3105,-0.6619031521071779,5
2.311,-0.5607439273888594,5
2.3115,-0.4609988926393442,5
2.312,-0.36216731078977543,5
2.3125,-0.24890493053271856,5
2.313,-0.13692008627401223,5
2.3135,0.026221543834938695,5
2.314,0.1681150274934323,5
2.3145,0.28253760172709685,5
2.315,0.34913423545405087,5
2.3155,0.37439003959195677,5
2.316,0.36918057674862503,5
2.3165,0.3100966102259652,5
2.317,0.20860173405095359,5
2.3175,0.00230544673066104,5
2.318,-0.17750145154555072,5
2.3185000000000002,-0.2797605281092212,5
2.319,-0.33333033631286024,5
2.3195,-0.38040911819967427,5
2.32,-0.41122372806756835,5
2.3205,-0.390205469090968,5
2.321,-0.3337445321422257,5
2.3215,-0.27127550374492365,5
2.322,-0.20621029811483715,5
2.3225,-0.12892881451665705,5
2.323,-0.05991118534177457,5
2.3235,-0.01997218860700634,5
2.324,0.05887234689691031,5
2.3245,0.151591249469698,5
2.325,0.21861545148604364,5
2.3255,0.2549715969621162,5
2.326,0.27427207569437834,5
2.3265000000000002,0.2907786528092795,5
2.327,0.2071723108618833,5
2.3275,0.08373845532390042,5
2.328,0.03119670095768858,5
2.3285,0.033438914402162,5
2.329,0.06027037050927765,5
2.3295,0.056953904020789745,5
2.33,0.06368948730685253,5
2.3305,0.08967515379870106,5
2.331,0.13062764252367842,5
2.3315,0.2061765817937901,5
2.332,0.2849081877089826,5
2.3325,0.32941113858672705,5
2.333,0.3306690642258484,5
2.3335,0.31681749511794494,5
2.334,0.31698753408556146,5
2.3345000000000002,0.25512825379563425,5
2.335,0.1986182006872755,5
2.3355,0.17428380738513052,5
2.336,0.12053853810645841,5
2.3365,0.04626952393811228,5
2.337,-0.04555431810722575,5
2.3375,-0.09773824914380856,5
2.338,-0.11206854295237918,5
2.3385,-0.06432423674964471,5
2.339,-0.020551632545413336,5
2.3395,-0.01394675336661513,5
2.34,-0.04920656732120076,5
2.3405,-0.09353103991071836,5
2.341,-0.0809084582759152,5
2.3415,-0.06719450423308594,5
2.342,-0.07772902174746904,5
2.3425000000000002,-0.016571444067445977,5
2.343,0.0566124532250116,5
2.3435,0.12867718217088547,5
2.344,0.17227532990072464,5
2.3445,0.19489637471625454,5
2.345,0.18215543945069393,5
2.3455,0.15614335077474356,5
2.346,0.14289239833881348,5
2.3465,0.08075657827723078,5
2.347,0.012324626025990704,5
2.3475,-0.06758764983705798,5
2.348,-0.09513598753107387,5
2.3485,-0.08541990735010074,5
2.349,-0.1580524785310236,5
2.3495,-0.25079501529267234,5
2.35,-0.3715168808476805,5
2.3505000000000003,-0.4532320752590301,5
2.351,-0.5250443996352777,5
2.3515,-0.5289383551964153,5
2.352,-0.5350205254831747,5
2.3525,-0.556980773654845,5
2.353,-0.4944298739050916,5
2.3535,-0.41508837652120056,5
2.354,-0.34592148916480997,5
2.3545,-0.33174627770922255,5
2.355,-0.3360683370879398,5
2.3555,-0.3161011936815326,5
2.356,-0.2828832050914237,5
2.3565,-0.27567662020618167,5
2.357,-0.3196233439727972,5
2.3575,-0.37787958217479983,5
2.358,-0.41975842308255124,5
2.3585000000000003,-0.43970368381311015,5
2.359,-0.421512868503807,5
2.3595,-0.4738670554152116,5
2.36,-0.5321172272935265,5
2.3605,-0.5693560606938511,5
2.361,-0.5664702978405094,5
2.3615,-0.5562488768741323,5
2.362,-0.5706630352844053,5
2.3625,-0.5974827260310595,5
2.363,-0.6170720361682186,5
2.3635,-0.5714632173443285,5
2.364,-0.526488693758579,5
2.3645,-0.47221560333842016,5
2.365,-0.4213294842519763,5
2.3655,-0.293324661483073,5
2.366,-0.17198486285302012,5
2.3665000000000003,-0.07197473922286102,5
2.367,-0.011706206006455035,5
2.3675,0.010888148773577754,5
2.368,0.03602285829158462,5
2.3685,0.06412205273006716,5
2.369,0.10822187685457706,5
2.3695,0.1713728089238651,5
2.37,0.16136110644840032,5
2.3705,0.11462884168970457,5
2.371,0.05183994552657738,5
2.3715,-0.009886859315467946,5
2.372,-0.020996417954467824,5
2.3725,-0.009076881713966426,5
2.373,0.11553271024070304,5
2.3735,0.5162081153306081,5
2.374,0.9879129144342841,5
2.3745,1.48550034915031,5
2.375,2.0848821758912406,5
2.3755,2.6737526943603473,5
2.376,3.229954081900581,5
2.3765,3.605686259089449,5
2.377,3.9511609149478404,5
2.3775,4.2285848415270175,5
2.378,4.216418894025839,5
2.3785,4.079774112819866,5
2.379,4.038494234788182,5
2.3795,3.8321991077465705,5
2.38,3.4861395739750054,5
2.3805,3.293927059602151,5
2.3810000000000002,3.142338075586056,5
2.3815,2.9708077148245096,5
2.382,2.839270467305926,5
2.3825,2.8477763038614716,5
2.383,3.213284174724785,5
2.3835,3.5274994276559353,5
2.384,3.776454287585263,5
2.3845,4.263313329807004,5
2.385,4.658459376926883,5
2.3855,4.803119010725807,5
2.386,4.924314497889892,5
2.3865,5.037939501494751,5
2.387,4.882957335252188,5
2.3875,4.58455764438543,5
2.388,4.218998460874273,5
2.3885,3.7928200868113184,5
2.3890000000000002,3.2816723631067095,5
2.3895,2.716313839392632,5
2.39,2.4082516087291994,5
2.3905,2.1226302740904375,5
2.391,1.7600412695323129,5
2.3915,1.543516042045932,5
2.392,1.3698426817178413,5
2.3925,1.2458010097198735,5
2.393,1.13831636388117,5
2.3935,1.1580280636806446,5
2.394,1.2722154469090106,5
2.3945,1.3460584365537867,6
2.395,1.1985559423393712,6
2.3955,1.1074963816255985,6
2.396,1.0115765839271658,6
2.3965,0.8458163334377055,6
2.3970000000000002,0.6811097127909563,6
2.3975,0.524788249405227,6
2.398,0.2883847820876231,6
2.3985,0.06227412662253467,6
2.399,-0.12320313772517073,6
2.3995,-0.3201811980119389,6
2.4,-0.5217633203251097,6
2.4005,-0.7316828142068894,6
2.401,-0.8179331967813427,6
2.4015,-0.895771948272003,6
2.402,-0.9766152719126611,6
2.4025,-1.0270185710832709,6
2.403,-1.0092498076233494,6
2.4035,-0.9832627251367749,6
2.404,-0.9806514062547099,6
2.4045,-0.9967091718742624,6
2.4050000000000002,-1.0387308520575727,6
2.4055,-1.079904034917075,6
2.406,-1.1082941660350734,6
2.4065000000000003,-1.1341804475578046,6
2.407,-1.2156393355147783,6
2.4075,-1.3161822993201109,6
2.408,-1.401377426771684,6
2.4085,-1.4654617539973276,6
2.409,-1.5304083751075606,6
2.4095,-1.5154290794071976,6
2.41,-1.4786452177096006,6
2.4105,-1.4248638650307108,6
2.411,-1.3615499922278347,6
2.4115,-1.3193868730800273,6
2.412,-1.25904402529701,6
2.4125,-1.1999139785960502,6
2.4130000000000003,-1.1229263669454612,6
2.4135,-1.0278223255986343,6
2.414,-0.9240045462866919,6
2.4145,-0.8579467533628996,6
2.415,-0.8075318821505623,6
2.4154999999999998,-0.771304555730028,6
2.416,-0.7482500094201849,6
2.4165,-0.7573958866565559,6
2.417,-0.77805263903378,6
2.4175,-0.8363220782099986,6
2.418,-0.9405567031560649,6
2.4185,-1.0149775024369514,6
2.419,-1.0704837768407496,6
2.4195,-1.0936684504052894,6
2.42,-1.1350677768348416,6
2.4205,-1.171980867024719,6
2.4210000000000003,-1.1849280866096357,6
2.4215,-1.1843121059768582,6
2.422,-1.1719604232052556,6
2.4225,-1.1214884565003072,6
2.423,-1.051252027253873,6
2.4234999999999998,-0.9776226744227706,6
2.424,-0.8732388737918251,6
2.4245,-0.7561843834096916,6
2.425,-0.668535135242328,6
2.4255,-0.6224331238882983,6
2.426,-0.5888287740154281,6
2.4265,-0.524835606510241,6
2.427,-0.1872312330280435,7
2.4275,-0.2375497388577762,7
2.428,-0.28324840855368527,7
2.4285,-0.34305145607706766,7
2.4290000000000003,-0.3605330988736726,7
2.4295,-0.3622056999510115,7
2.43,-0.3678483511974031,7
2.4305,-0.38713804571190563,7
2.431,-0.40115351531654087,7
2.4314999999999998,-0.39671502951704485,7
2.432,-0.3817776718836857,7
2.4325,-0.3677038452408254,7
2.433,-0.37261685823739765,7
2.4335,-0.38384575251043634,7
2.434,-0.3573900172353917,7
2.4345,-0.33237108618206485,7
2.435,-0.2841395829236605,7
2.4355,-0.29436320301124486,7
2.436,-0.29786158691630465,7
2.4365,-0.2836626555412859,7
2.4370000000000003,-0.27568762511367145,7
2.4375,-0.28333274478638476,7
2.438,-0.29776589928151637,7
2.4385,-0.3085159050816234,7
2.439,-0.3070235554404597,7
2.4395,-0.3149101595125124,7
2.44,-0.3301863800993282,7
2.4405,-0.34388017201472515,7
2.441,-0.30262418433765,7
2.4415,-0.25816079995941454,7
2.442,-0.15286383703479883,7
2.4425,-0.014786261649934887,7
2.443,0.09105113914140038,7
2.4435000000000002,0.14489254645783325,7
2.444,0.16535480343570533,7
2.4445,0.19089917400629453,7
2.4450000000000003,0.20471008345015576,7
2.4455,0.18396285310431465,7
2.446,0.12670317573731518,7
2.4465,0.08862090214688215,7
2.447,0.07071399965500696,7
2.4475,0.13733072870217913,7
2.448,0.21236466815193272,7
2.4485,0.33244338563060166,7
2.449,0.7931519726745486,7
2.4495,1.2499872798398874,7
2.45,1.685753625514723,7
2.4505,2.214743434721748,7
2.451,2.7369201051882652,7
2.4515000000000002,3.346788923290074,7
2.452,3.86857907155277,7
2.4525,4.318503032451841,7
2.4530000000000003,4.743749782406143,7
2.4535,4.937582126107421,7
2.454,4.8993032120154485,7
2.4545,4.859106228022605,7
2.455,4.687263300537517,7
2.4555,4.225492722287737,7
2.456,3.761320441881351,7
2.4565,3.2185718061645274,7
2.457,2.6222049492857993,7
2.4575,2.047138028461767,7
2.458,1.5687162497253957,7
2.4585,1.5256841824523253,7
2.459,1.5949998643735275,7
2.4595000000000002,1.9842696907662203,7
2.46,2.8732911941021206,7
2.4605,3.9390674419687457,7
2.4610000000000003,5.037713425324875,7
2.4615,6.271335973176976,7
2.462,7.496943740969438,7
2.4625,8.619654595295621,7
2.463,9.309389593064534,7
2.4635,9.780397142957906,7
2.464,10.227065551259576,7
2.4645,10.10511388814889,7
2.465,9.636577947745588,7
2.4655,9.154388268448667,7
2.466,8.474944210123201,7
2.4665,7.470658847538021,7
2.467,6.426523565651807,7
2.4675000000000002,5.582174579664493,7
2.468,4.766194286788772,7
2.4685,3.9696834415065974,7
2.4690000000000003,3.2504544734377534,7
2.4695,3.29879589767778,7
2.47,3.4760832701214452,7
2.4705,3.583258798500313,7
2.471,3.9627891428886723,7
2.4715,4.513177542717385,7
2.472,5.020054730486754,7
2.4725,5.218866726748636,7
2.473,5.426270443685141,7
2.4735,5.652167310526353,7
2.474,5.5812913954409105,7
2.4745,5.2753018251808435,7
2.475,4.960478591479697,7
2.4755000000000003,4.580063564069836,7
2.476,4.002174295811626,7
2.4765,3.412314196677612,7
2.4770000000000003,2.9547040254122443,7
2.4775,2.5704935239578623,7
2.478,2.1483549771899413,7
2.4785,1.762518601177754,7
2.479,1.5721660252322145,7
2.4795,1.3945049365178397,7
2.48,1.2118200898037461,7
2.4805,1.1206019219069856,7
2.481,1.198392677644496,7
2.4815,1.2633924205093838,7
2.482,1.2374974511962682,7
2.4825,1.2371265462777532,7
2.483,1.2042256204347028,7
2.4835000000000003,1.1228302150688634,7
2.484,0.9525860256235483,7
2.4845,0.7698853935204548,7
2.4850000000000003,0.5760126528420282,7
2.4855,0.35405598400713356,7
2.486,0.20012639576455296,7
2.4865,0.04462512069784949,7
2.487,-0.0970837741585645,7
2.4875,-0.21477184965932825,7
2.488,-0.33289551262342204,7
2.4885,-0.37318632457819356,7
2.489,-0.3965641458245325,7
2.4895,-0.42285149768328667,7
2.49,-0.4291614497791685,7
2.4905,-0.39392381822462835,7
2.491,-0.3502582894828406,7
2.4915000000000003,-0.2877215611351305,7
2.492,-0.2085902896065346,7
2.4925,-0.14636620536943,7
2.4930000000000003,-0.09762148106759702,7
2.4935,-0.052729406496068956,7
2.494,-0.018247079063511217,7
2.4945,0.016787653447617987,7
2.495,0.02619244699688497,7
2.4955,0.044662715674000396,7
2.496,0.2046885482840094,8
2.4965,0.13035072252050078,8
2.497,0.061445200763469904,8
2.4975,-0.014588777772750828,8
2.498,-0.08675039971253959,8
2.4985,-0.13094665777021142,8
2.499,-0.15175372690638272,8
2.4995000000000003,-0.17206448921106662,8
2.5,-0.18610392519957877,8
2.5005,-0.19232235598667613,8
2.501,-0.19621494644766366,8
2.5015,-0.20463024759736403,8
2.502,-0.22508176055484677,8
2.5025,-0.2554313476258345,8
2.503,-0.2991987579948291,8
2.5035,-0.3691860230522168,8
2.504,-0.4475533035831413,8
2.5045,-0.5171731121949064,8
2.505,-0.5850266314740402,8
2.5055,-0.6481692121613257,8
2.5060000000000002,-0.7070660632910973,8
2.5065,-0.7140749653258753,8
2.507,-0.699832513245352,8
2.5075000000000003,-0.6779646809474273,8
2.508,-0.6612649914262241,8
2.5085,-0.6483006018655009,8
2.509,-0.676912804943401,8
2.5095,-0.7259585601133757,8
2.51,-0.7844516473566476,8
2.5105,-0.8396533817577014,8
2.511,-0.8869880048467789,8
2.5115,-0.8778153304888846,8
2.512,-0.8220397102652833,8
2.5125,-0.7608254557911274,8
2.513,-0.7147554829341267,8
2.5135,-0.6831328800993082,8
2.5140000000000002,-0.6666884960716186,8
2.5145,-0.6280662283183669,8
2.515,-0.5785263977579157,8
2.5155000000000003,-0.5171875453329339,8
2.516,-0.44569337906855877,8
2.5165,-0.41909165237829304,8
2.517,-0.41639428680155216,8
2.5175,-0.42073173645035844,8
2.518,-0.4657353231185073,8
2.5185,-0.4995509920428292,8
2.519,-0.5328641076340292,8
2.5195,-0.54890598902602,8
2.52,-0.5617135102633726,8
2.5205,-0.5793758392809378,8
2.521,-0.6340664743468303,8
2.5215,-0.664922514211651,8
2.5220000000000002,-0.7381051836540432,8
2.5225,-0.7872399395980124,8
2.523,-0.7750728793479772,8
2.5235000000000003,-0.7684182901718951,8
2.524,-0.7446571024648251,8
2.5245,-0.6842097522341624,8
2.525,-0.6124768265424295,8
2.5255,-0.5431927162339724,8
2.526,-0.4675970106234206,8
2.5265,-0.39318169057593927,8
2.527,-0.30641489339625694,8
2.5275,-0.24039687985896746,8
2.528,-0.1783803671323692,8
2.5285,-0.08595995836707362,8
2.529,-0.000681820002132455,8
2.5295,0.09995947391602254,8
2.5300000000000002,0.20105059102394665,8
2.5305,0.3053805831372744,8
2.531,0.3565744104977345,8
2.5315000000000003,0.40558214085275435,8
2.532,0.45576115486118735,8
2.5325,0.5538725913118424,8
2.533,0.6193695917989633,8
2.5335,0.6747084838999243,8
2.534,0.7109711043139904,8
2.5345,0.7053903259501377,8
2.535,0.6746560214793167,8
2.5355,0.6567560944063505,8
2.536,0.6421837414494097,8
2.5365,0.6218268665258831,8
2.537,0.5776076613911627,8
2.5375,0.55914827322221,8
2.5380000000000003,0.5437225713191012,8
2.5385,0.5073996314983031,8
2.539,0.44783502371221945,8
2.5395000000000003,0.4022508800558462,8
2.54,0.34575992137412426,8
2.5405,0.35239057960332393,8
2.541,0.4127269255866505,8
2.5415,0.49514582715223504,8
2.542,0.5777325556643201,8
2.5425,0.6258692091731619,8
2.543,0.671694304158813,8
2.5435,0.7130214956568476,8
2.544,0.6906985818883834,8
2.5445,0.6666257282883197,8
2.545,0.6630980752334299,8
2.5455,0.6408097648234354,8
2.5460000000000003,0.6220784043943984,8
2.5465,0.5942164495780355,8
2.547,0.5513708586270089,8
2.5475000000000003,0.49987298957472565,8
2.548,0.43649911307560374,8
2.5485,0.4122835530947366,8
2.549,0.4113553009548367,8
2.5495,0.4045186718487868,8
2.55,0.408520265710698,8
2.5505,0.4459698777117219,8
2.551,0.4953269806708823,8
2.5515,0.546623395188223,8
2.552,0.5535462526440488,8
2.5525,0.5583118557367367,8
2.553,0.5523094624202602,8
2.5535,0.47682335485695493,8
2.5540000000000003,0.40511583172945786,8
2.5545,0.31590713394321107,8
2.555,0.2185105477764748,8
2.5555000000000003,0.12345988769441352,8
2.556,0.011218069492610826,8
2.5565,-0.10481277811472525,8
2.557,-0.21095681300415614,8
2.5575,-0.30781777577218866,8
2.558,-0.3764844227397885,8
2.5585,-0.3469923831039593,8
2.559,-0.31254186320624433,8
2.5595,-0.27549986798355314,8
2.56,-0.2351405392267268,8
2.5605,-0.2087597694811699,8
2.561,-0.16895140707379572,8
2.5615,-0.1599755438571726,8
2.5620000000000003,-0.15149437551059286,8
2.5625,-0.10392369231191743,8
2.563,-0.07178936930805971,8
2.5635000000000003,-0.074086434755433,8
2.564,-0.06897704177518113,8
2.5645000000000002,-0.045533702803457726,8
2.565,-0.01933573698261077,8
2.5655,0.004070906946865732,8
2.566,-0.00334172474709531,8
2.5665,-0.02062710039880766,8
2.567,-0.04649509422179723,8
2.5675,-0.06867620923868824,8
2.568,-0.08971924967208748,8
2.5685000000000002,-0.1217787227266337,8
2.569,-0.18181178377620813,8
2.5695,-0.20628126645402836,8
2.5700000000000003,-0.178233426497897,8
2.5705,-0.13012040350039916,8
2.571,-0.09958433645900239,8
2.5715000000000003,-0.10079878320950635,8
2.572,-0.11095816617236824,8
2.5725000000000002,-0.12142816001413997,8
2.573,-0.16232854111099107,8
2.5735,-0.23137071173409532,8
2.574,-0.30271274366970646,8
2.5745,-0.39954480163834316,8
2.575,-0.46252787523244904,8
2.5755,-0.5062591367730995,8
2.576,-0.5476314473150388,8
2.5765000000000002,-0.5830569105444767,8
2.577,-0.5909942595176859,8
2.5775,-0.5674659997947127,8
2.5780000000000003,-0.5036614546420886,8
2.5785,-0.4284289591942792,8
2.579,-0.36991487377355997,8
2.5795000000000003,-0.3163074451545603,8
2.58,-0.24355130398928376,8
2.5805000000000002,-0.17079516282386142,8
2.581,-0.05564399546779435,8
2.5815,0.06424169715837742,8
2.582,0.17776981163658084,8
2.5825,0.24054718280421677,8
2.583,0.2548880965123647,8
2.5835,0.2656601993717873,8
2.584,0.2448434231553245,8
2.5845000000000002,0.1883252019572619,8
2.585,0.12761965423044289,8
2.5855,0.06531257283980343,8
2.5860000000000003,0.002352637414570267,8
2.5865,-0.05556050059734033,8
2.587,-0.11347363860928587,8
2.5875,-0.1341688953439397,8
2.588,-0.15681887986091697,8
2.5885,-0.18025255141943752,8
2.589,-0.17981045656019273,8
2.5895,-0.1600730441759077,8
2.59,-0.1476294956888435,8
2.5905,-0.09779475355441794,8
2.591,-0.015392248197924684,8
2.5915,0.06701025715855723,8
2.592,0.11918207233757813,8
2.5925000000000002,0.09511571589049132,8
2.593,0.07157513244313597,8
2.5935,0.04814580776543657,8
2.5940000000000003,-0.03418547347129764,8
2.5945,-0.10752508300396074,8
2.595,-0.18353723732998095,8
2.5955,-0.2482448853990868,8
2.596,-0.3095902522864418,8
2.5965,-0.34626982797630457,8
2.597,-0.3594552423185531,8
2.5975,-0.36891347354483783,8
2.598,-0.37837170477110693,8
2.5985,-0.38438111949230463,8
2.599,-0.3384585456077252,8
2.5995,-0.2922911954690043,8
2.6,-0.24110504851111067,8
2.6005000000000003,-0.12086621918561613,8
2.601,-0.01863316666113812,8
2.6015,0.06538393521765608,8
2.6020000000000003,0.14185812607514753,8
2.6025,0.21016505304709737,8
2.603,0.2642542555330298,8
2.6035,0.275307515624864,8
2.604,0.2619632809708214,8
2.6045,0.24644511351753579,8
2.605,0.21344581330851778,8
2.6055,0.14972829801292745,8
2.606,0.08447168919846873,8
2.6065,0.03675443655527787,8
2.607,-0.0074212374914655495,8
2.6075,-0.04548166051171597,8
2.608,-0.08704694276137209,8
2.6085000000000003,-0.10390520263717436,8
2.609,-0.13065023581402777,8
2.6095,-0.15894942556318595,8
2.6100000000000003,-0.1759057139700292,8
2.6105,-0.18042532561456132,8
2.611,-0.1882839906453705,8
2.6115,-0.22039162359834336,8
2.612,-0.24536850241627872,8
2.6125,-0.2635229432981897,8
2.613,-0.28462754901695364,8
2.6135,-0.29538110790142547,8
2.614,-0.3260056747190023,8
2.6145,-0.33652769856356146,8
2.615,-0.3480365674438194,8
2.6155,-0.37243897007203874,8
2.616,-0.371037061053025,8
2.6165000000000003,-0.3511412611727294,8
2.617,-0.33094816139078775,8
2.6175,-0.3086065691105078,8
2.6180000000000003,-0.2440067810778042,8
2.6185,-0.14215019670625573,8
2.619,-0.05762985159193063,8
2.6195,-0.0032072470721412182,8
2.62,0.015380819517813536,8
2.6205,0.03021216832333143,8
2.621,0.03033155193018361,8
2.6215,-0.046033908472285626,8
2.622,-0.12075891155461839,8
2.6225,-0.19720967938554504,8
2.623,-0.2726452400789877,8
2.6235,-0.34710111255854526,8
2.624,-0.382558607143987,8
2.6245000000000003,-0.39132199200835616,8
2.625,-0.3815543061061311,8
2.6255,-0.3605334928893629,8
2.6260000000000003,-0.37064714726646353,8
2.6265,-0.3778975705157247,8
2.6270000000000002,-0.4120056149339895,8
2.6275,-0.457015844228211,8
2.628,-0.4531983499157833,8
2.6285,-0.4658143486636087,8
2.629,-0.4755106750321061,8
2.6295,-0.48095804923957897,8
2.63,-0.4817569199163423,8
2.6305,-0.4621351300677453,8
2.6310000000000002,-0.46614851752429615,8
2.6315,-0.4770337936734177,8
2.632,-0.4655917915191345,8
2.6325000000000003,-0.489409637726976,8
2.633,-0.5154636017212283,8
2.6335,-0.5361766778407188,8
2.6340000000000003,-0.5428216544346481,8
2.6345,-0.4604458120762662,8
2.6350000000000002,-0.3660121213346197,8
2.6355,-0.2661512492378948,8
2.636,-0.14850142406376493,8
2.6365,-0.07123112816077692,8
2.637,-0.019668238973516276,8
2.6375,0.009101182901409408,8
2.638,0.03243492627949017,8
2.6385,0.04222809043150667,8
2.6390000000000002,0.051976519897726746,8
2.6395,0.09275892890661126,8
2.64,0.15008638338718694,8
2.6405000000000003,0.2005559724190114,8
2.641,0.23695164763011703,8
2.6415,0.2877036723645113,8
2.6420000000000003,0.3474281132322093,8
2.6425,0.4118586339936184,8
2.6430000000000002,0.4635205640307816,8
2.6435,0.5138255915664585,8
2.644,0.5294186960140247,8
2.6445,0.5223328133026414,8
2.645,0.5087825247148381,8
2.6455,0.44922301347199023,8
2.646,0.35772195288970987,8
2.6465,0.2676834532359101,8
2.6470000000000002,0.18686791300412325,8
2.6475,0.13508938709879179,8
2.648,0.08659400429457895,8
2.6485000000000003,0.030979004419066602,8
2.649,-0.013717847603245624,8
2.6495,-0.05159757647345168,8
2.6500000000000004,-0.0828991304541096,8
2.6505,-0.07558891941258172,8
2.6510000000000002,-0.06831084254074363,8
2.6515,-0.06142903518014429,8
2.652,-0.038553072546220916,8
2.6525,-0.009351556902925606,8
2.653,0.020328822934104165,8
2.6535,0.03582537781546665,8
2.654,0.03865445697769601,8
2.6545,0.04680376597423839,8
2.6550000000000002,0.04669191795922312,8
2.6555,0.008280686949818096,8
2.656,-0.0356419239402457,8
2.6565000000000003,-0.07445388973980842,8
2.657,-0.13989979695668367,8
2.6575,-0.20629454404807068,8
2.6580000000000004,-0.25908821031222073,8
2.6585,-0.2831161210003749,8
2.6590000000000003,-0.2916936554555119,8
2.6595,-0.2995318816733313,8
2.66,-0.27947036361721367,8
2.6605,-0.2478992058195473,8
2.661,-0.22906060095328745,8
2.6615,-0.21901530723732507,8
2.662,-0.16555576175679704,8
2.6625,-0.1171310839443005,8
2.6630000000000003,-0.07580366042588081,8
2.6635,-0.06537466344630782,8
2.664,-0.059621648830656175,8
2.6645000000000003,-0.05647976641844946,8
2.665,-0.10797149941126594,8
2.6655,-0.16803297131622502,8
2.6660000000000004,-0.22809444322115274,8
2.6665,-0.2969308840961429,8
2.6670000000000003,-0.37873491742390314,8
2.6675,-0.47219105210524875,8
2.668,-0.5493260805520029,8
2.6685,-0.6093767409578074,8
2.669,-0.6553962636688632,8
2.6695,-0.6518003100160991,8
2.67,-0.5606478948514498,8
2.6705,-0.46195118113287825,8
2.6710000000000003,-0.3616905896708976,8
2.6715,-0.2214629916486469,8
2.672,-0.08845614468435108,8
2.6725000000000003,0.03812493782777523,8
2.673,0.12882309784826093,8
2.6735,0.1792429217222715,8
2.674,0.21805819064961715,8
2.6745,0.22954529544474334,8
2.675,0.20447868643704326,8
2.6755,0.17305782965515806,8
2.676,0.1254071268085591,8
2.6765,0.05529016626713341,8
2.677,-0.011641726327507606,8
2.6775,-0.07040198589428642,8
2.678,-0.1109455073609236,8
2.6785,-0.1457310375759628,8
2.6790000000000003,-0.16316966131666305,8
2.6795,-0.1273666551750768,8
2.68,-0.049415502153815585,8
2.6805000000000003,0.02416944315258256,8
2.681,0.095116371193863,8
2.6815,0.1700673314028107,8
2.682,0.2518109479178959,8
2.6825,0.31656652144309877,8
2.683,0.3474279173040877,8
2.6835,0.37921957024547426,8
2.684,0.4167107348462013,8
2.6845,0.4459591590451373,8
2.685,0.4674319053385626,8
2.6855,0.47754629222269807,8
2.686,0.4434345369677912,8
2.6865,0.3814816660747067,8
2.6870000000000003,0.33087205089333116,8
2.6875,0.31339829297810246,8
2.688,0.3096148059027224,8
2.6885000000000003,0.30698763678772856,8
2.689,0.3343798385267663,8
2.6895000000000002,0.39571404219640866,8
2.69,0.44049084181771514,8
2.6905,0.4693372704066693,8
2.691,0.5182137493388261,8
2.6915,0.5624152919236748,8
2.692,0.597214117900768,8
2.6925,0.5993471272231591,8
2.693,0.6032032722242614,8
2.6935000000000002,0.6069189435522919,8
2.694,0.5868847210609341,8
2.6945,0.5412176998223134,8
2.6950000000000003,0.5053531569982782,8
2.6955,0.49237018792862947,8
2.696,0.4652303967901792,8
2.6965000000000003,0.4428550374204244,8
2.697,0.44173990860131257,8
2.6975000000000002,0.4347768491957851,8
2.698,0.4354324516577682,8
2.6985,0.44139335391864826,8
2.699,0.4978373882895165,8
2.6995,0.5518706545119059,8
2.7,0.5889788045072206,8
2.7005,0.6292200749037752,8
2.701,0.6671330015773587,8
2.7015000000000002,0.7013641347790827,8
2.702,0.7142792615067122,8
2.7025,0.7150984743070984,8
2.7030000000000003,0.7184438998365014,8
2.7035,0.6990501613308608,8
2.704,0.6473850038356338,8
2.7045000000000003,0.6005824889505379,8
2.705,0.5721461982443511,8
2.7055000000000002,0.5316107182500511,8
2.706,0.4925915437764549,8
2.7065,0.44991051836751433,8
2.707,0.4477777194336227,8
2.7075,0.4874356573806282,8
2.708,0.5240042947981073,8
2.7085,0.5771237663473359,8
2.709,0.6525243864706393,8
2.7095000000000002,0.7240153453385803,8
2.71,0.7689125133088616,8
2.7105,0.8022578188376973,8
2.7110000000000003,0.8280783725090051,8
2.7115,0.8706147707928586,8
2.712,0.8686681042578914,8
2.7125000000000004,0.8505784788345603,8
2.713,0.8565338382215875,8
2.7135000000000002,0.8406206598737371,8
2.714,0.8104446538514862,8
2.7145,0.7873388726744153,8
2.715,0.7725606349063289,8
2.7155,0.7793299440863457,8
2.716,0.7836512419737623,8
2.7165,0.7879536504372187,8
2.717,0.8312334367648456,8
2.7175000000000002,0.873543410242735,8
2.718,0.8791835223774959,8
2.7185,0.8798555787664022,8
2.7190000000000003,0.8826321894916253,8
2.7195,0.8735631522141958,8
2.72,0.8190981196488187,8
2.7205000000000004,0.7487520418253019,8
2.721,0.696979425754384,8
2.7215000000000003,0.6234718261209182,8
2.722,0.5153563904920534,8
2.7225,0.4125003988992534,8
2.723,0.3506979263980661,8
2.7235,0.3024601597215807,8
2.724,0.2498345846404047,8
2.7245,0.19793417454163384,8
2.725,0.20684771430509916,8
2.7255000000000003,0.22230006114926865,8
2.726,0.22752894123219702,8
2.7265,0.2579187657945662,8
2.7270000000000003,0.2865680147919989,8
2.7275,0.32170478781132605,8
2.728,0.34856583667509156,8
2.7285000000000004,0.36057349837208885,8
2.729,0.3778620376542025,8
2.7295000000000003,0.34820434117660254,8
2.73,0.26987403356257406,8
2.7305,0.1885345644075862,8
2.731,0.11588383116375521,8
2.7315,0.04522139428064354,8
2.732,-0.019958176097112517,8
2.7325,-0.06081491564107066,8
2.733,-0.032553715013777657,8
2.7335000000000003,0.013092535264933347,8
2.734,0.047410716959608704,8
2.7345,0.08871717443174773,8
2.7350000000000003,0.13757841175445576,8
2.7355,0.18266858978583927,8
2.736,0.22113168870904604,8
2.7365000000000004,0.243085672871014,8
2.737,0.26627203762437396,8
2.7375000000000003,0.2475107650448738,8
2.738,0.1968777169898955,8
2.7385,0.13938034347620568,8
2.739,0.09759232694658557,8
2.7395,0.06428031212511705,8
2.74,0.024763968021718458,8
2.7405,-0.014611328505016416,8
2.741,-0.031233768692819273,8
2.7415000000000003,-0.034048619475511605,8
2.742,-0.0226945040136868,8
2.7425,-0.00498117452330794,8
2.7430000000000003,0.03486691080600374,8
2.7435,0.13258353487823832,8
2.744,0.25189076815001316,8
2.7445000000000004,0.36647774734164423,8
2.745,0.4710055962273074,8
2.7455000000000003,0.5220915674931519,8
2.746,0.5482812156950642,8
2.7465,0.5686370409927101,8
2.747,0.5625318792743403,8
2.7475,0.5301108453785112,8
2.748,0.49457552608876815,8
2.7485,0.47025664362804437,8
2.749,0.4527430438927371,8
2.7495000000000003,0.44536944036586,8
2.75,0.42643112165384833,8
2.7505,0.40733420283234856,8
2.7510000000000003,0.3915803386156315,8
2.7515,0.38421489744798715,8
2.7520000000000002,0.3907579900110231,8
2.7525000000000004,0.39316643557830366,8
2.753,0.39075827886910025,8
2.7535,0.40770793085023693,8
2.754,0.4254770900961098,8
2.7545,0.4337265953436731,8
2.755,0.4153109549537317,8
2.7555,0.41448744912822044,8
2.7560000000000002,0.41398612072026836,8
2.7565,0.44636801128697834,8
2.757,0.47243340136107037,8
2.7575000000000003,0.49180482252365126,8
2.758,0.5052311594732244,8
2.7585,0.5067124684110014,8
2.7590000000000003,0.49241346718909706,8
2.7595,0.48531462926966673,8
2.7600000000000002,0.47186704385326034,8
2.7605,0.47343214623946334,8
2.761,0.4704903619067428,8
2.7615,0.4779381465010388,8
2.762,0.4656205350917891,8
2.7625,0.4476602573588497,8
2.763,0.4334388032278439,8
2.7635,0.4379733689562364,8
2.7640000000000002,0.4649478898702064,8
2.7645,0.47384784736961993,8
2.765,0.47286825038901675,8
2.7655000000000003,0.4817389783625582,8
2.766,0.4987404599938292,8
2.7665,0.5331343585042969,8
2.7670000000000003,0.530792892390045,8
2.7675,0.5223558451750473,8
2.7680000000000002,0.5054113362895418,8
2.7685,0.5233119655474903,8
2.769,0.5498553415532392,8
2.7695,0.5841070760262087,8
2.77,0.6181726853210601,8
2.7705,0.6342299404586849,8
2.771,0.6392479527862446,8
2.7715,0.632549599753146,8
2.7720000000000002,0.6237871431422675,8
2.7725,0.6141752637335702,8
2.773,0.6048017926614838,8
2.7735000000000003,0.6237333561882478,8
2.774,0.6428349760775532,8
2.7745,0.6415254647137698,8
2.7750000000000004,0.6404772165820082,8
2.7755,0.6144422508089324,8
2.7760000000000002,0.6042678261435092,8
2.7765,0.5402561522513318,8
2.777,0.4857690768747282,8
2.7775,0.4479894822570532,8
2.778,0.44646094404374637,8
2.7785,0.46954325934573005,8
2.779,0.5057879786183638,8
2.7795,0.5432002583983915,8
2.7800000000000002,0.5464935557175351,8
2.7805,0.5514681786130718,8
2.781,0.5695012341869852,8
2.7815000000000003,0.5932963796335283,8
2.782,0.62838179923075,8
2.7825,0.660373947624254,8
2.7830000000000004,0.6780116899341079,8
2.7835,0.6952571024788207,8
2.7840000000000003,0.6755008576757782,8
2.7845,0.6434655662884086,8
2.785,0.5908412355377676,8
2.7855,0.5235201549451954,8
2.786,0.44818706170244554,8
2.7865,0.3898767169353814,8
2.787,0.3384425198562964,8
2.7875,0.2983745898509894,8
2.7880000000000003,0.26446849640461517,8
2.7885,0.22509063708029878,8
2.789,0.18096180215994725,8
2.7895000000000003,0.13834059468987775,8
2.79,0.09825287208217272,8
2.7905,0.0871859650065197,8
2.7910000000000004,0.09754943852339813,8
2.7915,0.11073959500999905,8
2.7920000000000003,0.1320400447906201,8
2.7925,0.17007969077189808,8
2.793,0.21239462684750088,8
2.7935,0.24633433926301598,8
2.794,0.2868612511834695,8
2.7945,0.3354756713612459,8
2.795,0.37258057927092203,8
2.7955,0.41271918738977387,8
2.7960000000000003,0.42714052853312096,8
2.7965,0.44980790960584216,8
2.797,0.4725176557074989,8
2.7975000000000003,0.4600338732435183,8
2.798,0.4583670431511985,8
2.7985,0.44255559001930467,8
2.7990000000000004,0.39662868443471405,8
2.7995,0.35672636979733674,8
2.8000000000000003,0.3251385041667138,8
2.8005,0.2915477426203304,8
2.801,0.262846536278772,8
2.8015,0.24419480302757382,8
2.802,0.23279668015152913,8
2.8025,0.25927253673302475,8
2.803,0.27995160774504646,8
2.8035,0.2909233670601064,8
2.8040000000000003,0.3247746770533178,8
2.8045,0.3330616093246078,8
2.805,0.34611327998550856,8
2.8055000000000003,0.3540092604496505,8
2.806,0.3521472512955737,8
2.8065,0.3731970262856964,8
2.8070000000000004,0.37752286297860643,8
2.8075,0.3769371316911206,8
2.8080000000000003,0.3640890284968493,8
2.8085,0.3389919919661783,8
2.809,0.31272737581383386,8
2.8095,0.2859554558023311,8
2.81,0.25314345420995943,8
2.8105,0.2057889011630209,8
2.811,0.18023198928831644,8
2.8115,0.1675059919304397,8
2.8120000000000003,0.16159767125912905,8
2.8125,0.16340496076382535,8
2.813,0.14971951320099502,8
2.8135000000000003,0.15273910644044508,8
2.814,0.15785794438136472,8
2.8145000000000002,0.1747063126151797,8
2.8150000000000004,0.18024422790225567,8
2.8155,0.17055841558173793,8
2.8160000000000003,0.16612935438119952,8
2.8165,0.17814932712476847,8
2.817,0.1764316904808822,8
2.8175,0.17566204897627408,8
2.818,0.18163893415793506,8
2.8185000000000002,0.23821547578782212,8
2.819,0.28713828379823425,8
2.8195,0.3353809485053824,8
2.8200000000000003,0.36625556650435587,8
2.8205,0.39061328201745893,8
2.821,0.4019074970371896,8
2.8215000000000003,0.4109492481016613,8
2.822,0.4181126021761117,8
2.8225000000000002,0.4313545370515251,8
2.8230000000000004,0.45185896112901197,8
2.8235,0.48891444764529973,8
2.8240000000000003,0.4902256841587452,8
2.8245,0.4602779238806107,8
2.825,0.365144536916242,8
2.8255,0.2728086451652318,8
2.826,0.21340076221036786,8
2.8265000000000002,0.16470905482887807,8
2.827,0.14801740185149584,8
2.8275,0.13750503632304545,8
2.8280000000000003,0.16088621128663244,8
2.8285,0.21431771101133873,8
2.829,0.2545541860757715,8
2.8295000000000003,0.2907039397102239,8
2.83,0.3288036792136325,8
2.8305000000000002,0.3699288756256028,8
2.8310000000000004,0.40712939924340924,8
2.8315,0.45762062521029967,8
2.8320000000000003,0.49903516837612283,8
2.8325,0.5575306677623647,8
2.833,0.577209033972398,8
2.8335,0.553930543893138,8
2.834,0.5002091550067659,8
2.8345000000000002,0.43961434215019324,8
2.835,0.39418407066555855,8
2.8355,0.3658177259854581,8
2.8360000000000003,0.32485121924345384,8
2.8365,0.2701149031371492,8
2.837,0.234439966961497,8
2.8375000000000004,0.20007696894590807,8
2.838,0.22041289020744573,8
2.8385000000000002,0.2567273600928179,8
2.839,0.28874252042867277,8
2.8395,0.33864843178843523,8
2.84,0.3766753842815636,8
2.8405,0.4230644391143714,8
2.841,0.4517816100510486,8
2.8415,0.43943731771205674,8
2.842,0.428898942017776,8
2.8425000000000002,0.41467163612625596,8
2.843,0.40674285460810855,8
2.8435,0.4149944187107299,8
2.8440000000000003,0.43561575062330765,8
2.8445,0.49605475225782064,8
2.845,0.5444006260953356,8
2.8455000000000004,0.5938988210409532,8
2.846,0.5993664143346877,8
2.8465000000000003,0.631086157912943,8
2.847,0.6619678118473048,8
2.8475,0.6911562194730819,8
2.848,0.7219160469854726,8
2.8485,0.7602507948073646,8
2.849,0.7836773219848792,8
2.8495,0.7714093721436142,8
2.85,0.7365213228692068,8
2.8505000000000003,0.6981548891308903,8
2.851,0.6611005768858061,8
2.8515,0.6100672754896969,8
2.8520000000000003,0.5577221411224491,8
2.8525,0.5398719978974441,8
2.853,0.5407442975170035,8
2.8535000000000004,0.5457022262019897,8
2.854,0.5781890920401792,8
2.8545000000000003,0.595616199577155,8
2.855,0.5979088577521797,8
2.8555,0.6184847301925148,8
2.856,0.6489690647789723,8
2.8565,0.6714540412184004,8
2.857,0.6841340821204149,8
2.8575,0.6858402757273382,8
2.858,0.7009471200773605,8
2.8585000000000003,0.7077903289956441,8
2.859,0.7035467821634966,8
2.8595,0.6804180258256555,8
2.8600000000000003,0.6439969751309483,8
2.8605,0.6228339566435798,8
2.861,0.6207619476518256,8
2.8615000000000004,0.6383791274101576,8
2.862,0.6466166284664858,8
2.8625000000000003,0.6594912974738373,8
2.863,0.7050026671077907,8
2.8635,0.7513112325531544,8
2.864,0.7875763122178444,8
2.8645,0.7932164329717918,8
2.865,0.7905985905507875,8
2.8655,0.7793253039283731,8
2.866,0.7513293627332116,8
2.8665000000000003,0.7052905782583682,8
2.867,0.6276455524677848,8
2.8675,0.5559729805352124,8
2.8680000000000003,0.5018341574705039,8
2.8685,0.4393915240231799,8
2.869,0.37371291970373766,8
2.8695000000000004,0.30494259675209373,8
2.87,0.2523611948891457,8
2.8705000000000003,0.21538946618934043,8
2.871,0.22516329622452527,8
2.8715,0.2370572807411303,8
2.872,0.22600022412491755,8
2.8725,0.24027677783675622,8
2.873,0.2718206290374723,8
2.8735,0.34009255085486284,8
2.874,0.38036694801083504,8
2.8745000000000003,0.3834062087921102,8
2.875,0.4131299493629801,8
2.8755,0.43604950366905276,8
2.8760000000000003,0.43780189435285155,8
2.8765,0.4091032322144184,8
2.8770000000000002,0.3532468593510388,8
2.8775000000000004,0.30524267994982607,8
2.878,0.24538222522884837,8
2.8785000000000003,0.16147816163743414,8
2.879,0.09299991260358902,8
2.8795,0.032519142015104835,8
2.88,0.0002106913875859689,8
2.8805,-0.020049371314596012,8
2.8810000000000002,-0.024134180880616446,8
2.8815,-0.034225559863602435,8
2.882,-0.032987844462472195,8
2.8825000000000003,-0.034624110640442435,8
2.883,0.004668848571095919,8
2.8835,0.06554366544445107,8
2.8840000000000003,0.11061312262372396,8
2.8845,0.18109138693156135,8
2.8850000000000002,0.282590117074155,8
2.8855000000000004,0.3504331454992149,8
2.886,0.4113258103058418,8
2.8865000000000003,0.42446723143076676,8
2.887,0.4052632932135573,8
2.8875,0.3685725826306121,8
2.888,0.291952361466096,8
2.8885,0.20796825857704918,8
2.8890000000000002,0.13463786566260458,8
2.8895,0.06684089316502946,8
2.89,0.01914323599442414,8
2.8905000000000003,-0.0024663835684635305,8
2.891,-0.015915769173749577,8
2.8915,-0.02127004973440747,8
2.8920000000000003,-0.021236020477002633,8
2.8925,-0.010732240826865993,8
2.8930000000000002,0.03176197358657563,8
2.8935000000000004,0.10945851038305295,8
2.894,0.19064806383355537,8
2.8945000000000003,0.2760397431429662,8
2.895,0.35621820762777073,8
2.8955,0.4322163704038378,8
2.896,0.46706301578812076,8
2.8965,0.4763332711955531,8
2.8970000000000002,0.4695728723785398,8
2.8975,0.4519823091745636,8
2.898,0.43410539871471204,8
2.8985000000000003,0.4520068727836645,8
2.899,0.4599728947663428,8
2.8995,0.43905286017560335,8
2.9000000000000004,0.4453640224515905,8
2.9005,0.4502486682415319,8
2.9010000000000002,0.44565989984638693,8
2.9015000000000004,0.42196486363731167,8
2.902,0.39660471519847407,8
2.9025,0.42815501822302626,8
2.9030000000000005,0.4769858665943852,8
2.9035,0.5306446217402393,8
2.904,0.5666765636487824,8
2.9045,0.5684092779691468,8
2.9050000000000002,0.5200346582918514,8
2.9055,0.4770450078504486,8
2.906,0.4414197343463921,8
2.9065000000000003,0.3950884698256753,8
2.907,0.35440984320998964,8
2.9075,0.33393278001544413,8
2.9080000000000004,0.2939167236498373,8
2.9085,0.25132960185583236,8
2.9090000000000003,0.20983575107335456,8
2.9095000000000004,0.1530564735229883,8
2.91,0.08913160151349411,8
2.9105,0.06170769333563103,8
2.9110000000000005,0.06973728955850757,8
2.9115,0.10199859036506688,8
2.912,0.14621875176174928,8
2.9125,0.22278631513711633,8
2.9130000000000003,0.3135125608356437,8
2.9135,0.38284129376412174,8
2.914,0.40870660468073655,8
2.9145000000000003,0.4473239128827873,8
2.915,0.4870876419381626,8
2.9155,0.5396472986949287,8
2.9160000000000004,0.6292465941803456,8
2.9165,0.7272892514681234,8
2.9170000000000003,0.7668563539791071,8
2.9175000000000004,0.7575132141006469,8
2.918,0.7312198067345951,8
2.9185,0.7077743129713551,8
2.9190000000000005,0.6728527732811072,8
2.9195,0.6439559625555213,8
2.92,0.6296641165048644,8
2.9205,0.613446010720084,8
2.9210000000000003,0.6322273497929419,8
2.9215,0.6305894403666716,8
2.922,0.6007019943437706,8
2.9225000000000003,0.5562588603000633,8
2.923,0.498302496685528,8
2.9235,0.45427780838415804,8
2.9240000000000004,0.4369217360055619,8
2.9245,0.4359688825715458,8
2.925,0.47641293798928586,8
2.9255000000000004,0.5235251680467875,8
2.926,0.5434653043890333,8
2.9265,0.5725040262510881,8
2.927,0.5950768804947196,8
2.9275,0.5854151870657417,8
2.928,0.5818242965440752,8
2.9285,0.6263461042847128,8
2.9290000000000003,0.6924719190043925,8
2.9295,0.7672519442032839,8
2.93,0.7439925742415225,8
2.9305000000000003,0.7260382735256143,8
2.931,0.684514579931358,8
2.9315,0.6093806510251003,8
2.9320000000000004,0.512877707596143,8
2.9325,0.41863160001238725,8
2.933,0.35444719820269893,8
2.9335000000000004,0.31051991567665843,8
2.934,0.30685906437601984,8
2.9345,0.3188323112771119,8
2.935,0.3337635747804068,8
2.9355,0.3349113972971224,8
2.936,0.33628854574737915,8
2.9365,0.3728450365948034,8
2.9370000000000003,0.42396015355728567,8
2.9375,0.4800204103935011,8
2.938,0.5338251015367247,8
2.9385000000000003,0.5966819205300155,8
2.939,0.6317300965841685,8
2.9395000000000002,0.6089969915014172,8
2.9400000000000004,0.5777347976792786,8
2.9405,0.5491649610360358,8
2.941,0.5373944783949651,8
2.9415000000000004,0.5480063409469559,8
2.942,0.5831088236532256,8
2.9425,0.6468079524107001,8
2.943,0.7277175270078806,8
2.9435000000000002,0.7881070619624633,8
2.944,0.8485544983804132,8
2.9445,0.8801372189559078,8
2.9450000000000003,0.8712360123610994,8
2.9455,0.8600546495047806,8
2.946,0.8425054339951862,8
2.9465000000000003,0.8207427141107203,8
2.947,0.7887182996033972,8
2.9475000000000002,0.7362222606565609,8
2.9480000000000004,0.6669066288859616,8
2.9485,0.5749157429617336,8
2.949,0.48788589407584,8
2.9495000000000005,0.4200485174498032,8
2.95,0.38921464725275556,8
2.9505,0.36945064060428395,8
2.951,0.39014083385898835,8
2.9515000000000002,0.4064186287081581,8
2.952,0.42514524267373227,8
2.9525,0.4743169761456251,8
2.9530000000000003,0.5186508727546868,8
2.9535,0.536642963789469,8
2.954,0.5578526448356572,8
2.9545000000000003,0.5988908315788426,8
2.955,0.6468767378449818,8
2.9555000000000002,0.6834542514392614,8
2.9560000000000004,0.6964309695052483,8
2.9565,0.7035861408411225,8
2.957,0.704282380756941,8
2.9575000000000005,0.6641672718179567,8
2.958,0.6477921884236342,8
2.9585,0.6429594382369208,8
2.959,0.6263987959856119,8
2.9595000000000002,0.6173688943443761,8
2.96,0.6166511427178439,8
2.9605,0.6075788696299691,8
2.9610000000000003,0.5583994333255088,8
2.9615,0.5144177043146319,8
2.962,0.48556456119124014,8
2.9625000000000004,0.48046259443788697,8
2.963,0.48320794107288945,8
2.9635000000000002,0.48843827445684457,8
2.9640000000000004,0.5112050293198909,8
2.9645,0.5359774125737895,8
2.965,0.5523209416139905,8
2.9655000000000005,0.5494679749087171,8
2.966,0.520641795537461,8
2.9665,0.4786619498913416,8
2.967,0.45697695279060097,8
2.9675000000000002,0.4548986449909644,8
2.968,0.4409333649765677,8
2.9685,0.4211789248948328,8
2.9690000000000003,0.3958716032106823,8
2.9695,0.3612989194339501,8
2.97,0.3326766157420395,8
2.9705000000000004,0.30678442824503777,8
2.971,0.2874544173871854,8
2.9715000000000003,0.277334892768026,8
2.9720000000000004,0.2997603518994898,8
2.9725,0.31024715489329424,8
2.973,0.29607663357496744,8
2.9735000000000005,0.24784218407067832,8
2.974,0.18850971969286084,8
2.9745,0.1492240302566079,8
2.975,0.18555641928433347,8
2.9755000000000003,0.20489317429317264,8
2.976,0.23105111193066866,8
2.9765,0.24924932072773548,8
2.9770000000000003,0.2245174514240866,8
2.9775,0.19757158572562014,8
2.978,0.15792413711108294,8
2.9785000000000004,0.079415438758871,8
2.979,0.02061619109524943,8
2.9795000000000003,-0.02565854198433252,8
2.9800000000000004,-0.03692090705101858,8
2.9805,-0.025945812947529467,8
2.981,0.012978508859152032,8
2.9815000000000005,0.08116726172484141,8
2.982,0.1713813807472855,8
2.9825,0.24055076576655313,8
2.983,0.3166821344882489,8
2.9835000000000003,0.38699715351324326,8
2.984,0.45153144269803874,8
2.9845,0.522565667405031,8
2.9850000000000003,0.5777372087233448,8
2.9855,0.6205705367756956,8
2.986,0.6428520509939941,8
2.9865000000000004,0.6448406795395293,8
2.987,0.6173937751665219,8
2.9875000000000003,0.5697323639718129,8
2.9880000000000004,0.4951974272805563,8
2.9885,0.4201675164554638,8
2.989,0.364835365068566,8
2.9895000000000005,0.3141835033502129,8
2.99,0.2885859846876336,8
2.9905,0.270324047541336,8
2.991,0.25484346300533783,8
2.9915000000000003,0.2521884902933148,8
2.992,0.2363615424723627,8
2.9925,0.22055416022922184,8
2.9930000000000003,0.2370048064720284,8
2.9935,0.26382787286844966,8
2.994,0.29323168620741497,8
2.9945000000000004,0.3129213606565061,8
2.995,0.3399364651710492,8
2.9955000000000003,0.34573239432177827,8
2.9960000000000004,0.35772489271114344,8
2.9965,0.35371159124267193,8
2.997,0.3442943565168935,8
2.9975000000000005,0.33405697073810386,8
2.998,0.3380665202530171,8
2.9985,0.3751356784433279,8
2.999,0.4145120318658721,8
2.9995000000000003,0.4159456915918981,8
3.0,0.4081434075554362,8
3.0005,0.39902971002688575,8
3.0010000000000003,0.3879183593394742,8
3.0015,0.3709586723700767,8
3.0020000000000002,0.3574383167827509,8
3.0025000000000004,0.36988936726491056,8
3.003,0.3866903820280907,8
3.0035000000000003,0.40133378081419385,8
3.0040000000000004,0.4152866590201026,8
3.0045,0.40032297403527456,8
3.005,0.3515693991980248,8
3.0055000000000005,0.31155133567578697,8
3.0060000000000002,0.2934169294266825,8
3.0065,0.2848915138369213,8
3.007,0.28860113287259437,8
3.0075000000000003,0.33461603260276107,8
3.008,0.4084690578732199,8
3.0085,0.4696131008654382,8
3.0090000000000003,0.4917488848600962,8
3.0095,0.48280025350719125,8
3.0100000000000002,0.4750050116649084,8
3.0105000000000004,0.45328303439261436,8
3.011,0.4134270206663933,8
3.0115,0.37955497563180796,8
3.0120000000000005,0.33044002518349697,8
3.0125,0.28341884361198066,8
3.013,0.27805191612823166,8
3.0135,0.29337119776460224,8
3.0140000000000002,0.29976104955105837,8
3.0145,0.28672867684409453,8
3.015,0.27169682976823795,8
3.0155000000000003,0.22059038220588942,8
3.016,0.15252454740790575,8
3.0165,0.10751483288344771,8
3.0170000000000003,0.07385845835729825,8
3.0175,0.061995772588055914,8
3.0180000000000002,0.048776434789533356,8
3.0185000000000004,0.04212534269266298,8
3.019,0.0091768846761835,8
3.0195,-0.02608593521998847,8
3.0200000000000005,-0.04109038830512799,8
3.0205,-0.003044624315160124,8
3.021,0.04375338596536964,8
3.0215,0.08899789281242905,8
3.0220000000000002,0.1099328351836414,8
3.0225,0.16129729258928274,8
3.023,0.17744319528280525,8
3.0235000000000003,0.21096697437117537,8
3.024,0.25461248895090466,8
3.0245,0.2924339411584716,8
3.0250000000000004,0.3466173502197213,8
3.0255,0.39853211736279853,8
3.0260000000000002,0.44547188837311913,8
3.0265000000000004,0.49548816157447734,8
3.027,0.5183136454921424,8
3.0275,0.5443877828617041,8
3.0280000000000005,0.5576011397771009,8
3.0285,0.5409188600154637,8
3.029,0.5412082098062407,8
3.0295,0.5731481864296754,8
3.0300000000000002,0.6305351693759622,8
3.0305,0.6852315771358332,8
3.031,0.7199196545135079,8
3.0315000000000003,0.716994806977339,8
3.032,0.6726600618863718,8
3.0325,0.6129957633337427,8
3.0330000000000004,0.5479645474380884,8
3.0335,0.4522822575338373,8
3.0340000000000003,0.3758463880766855,8
3.0345000000000004,0.3494557128601571,8
3.035,0.40387278853379877,8
3.0355,0.4441819334652475,8
3.0360000000000005,0.4907520762985274,8
3.0365,0.5728881005631937,8
3.037,0.6680276549407932,8
3.0375,0.7488091904423583,8
3.0380000000000003,0.7912311704687058,8
3.0385,0.8153669436175397,8
3.039,0.8460754250607823,8
3.0395000000000003,0.8665596718721247,8
3.04,0.8629945711276951,8
3.0405,0.8466402884015325,8
3.0410000000000004,0.8308056946230815,8
3.0415,0.8275757572225528,8
3.0420000000000003,0.8132165170007746,8
3.0425000000000004,0.7908212117141737,8
3.043,0.7672476720489723,8
3.0435,0.746487032590973,8
3.0440000000000005,0.7726397775699723,8
3.0445,0.8074821858058671,8
3.045,0.8403554748328564,8
3.0455,0.8722716462079976,8
3.0460000000000003,0.8775303221380946,8
3.0465,0.8690513897235531,8
3.047,0.8398519509537988,8
3.0475000000000003,0.7880732626134068,8
3.048,0.7063157343034878,8
3.0485,0.622718151065524,8
3.0490000000000004,0.5145530571550042,8
3.0495,0.40658589758407127,8
3.0500000000000003,0.3075948983965303,8
3.0505000000000004,0.22246742715348894,8
3.051,0.18260869161415166,8
3.0515,0.14458178654967746,8
3.0520000000000005,0.12968116390880333,8
3.0525,0.11561897941211637,8
3.053,0.12889058453363977,8
3.0535,0.1248251931008973,8
3.0540000000000003,0.11615319407358865,8
3.0545,0.10310895763039397,8
3.055,0.0774426779538301,8
3.0555000000000003,0.0742693125982391,8
3.056,0.08297437042239642,8
3.0565,0.09077789940125666,8
3.0570000000000004,0.10295137853012297,8
3.0575,0.0811334234270177,8
3.0580000000000003,0.04689677322140232,8
3.0585000000000004,0.006388661419552476,8
3.059,-0.000135894573741662,8
3.0595,0.009169671948486604,8
3.0600000000000005,0.0265596934340408,8
3.0605,0.03210215112091157,8
3.061,0.04007902536169771,8
3.0615,0.03735755943133551,8
3.0620000000000003,0.01838541082281556,8
3.0625,0.03667914338436424,8
3.063,0.0574009519723295,8
3.0635000000000003,0.07902942494067938,8
3.064,0.10941328445716646,8
3.0645000000000002,0.13251379093055346,8
3.0650000000000004,0.15589586524322058,8
3.0655,0.19217155213259593,8
3.0660000000000003,0.18925061137434054,8
3.0665000000000004,0.17794957662418764,8
3.067,0.13907629841561164,8
3.0675,0.08783952034550344,8
3.0680000000000005,0.07616987631788559,8
3.0685000000000002,0.0882826291704712,8
3.069,0.11129813518027384,8
3.0695,0.12132099834143094,8
3.0700000000000003,0.09732532681358512,8
3.0705,0.05284021472349485,8
3.071,-0.004598411664785421,8
3.0715000000000003,-0.07805485372365299,8
3.072,-0.12295846219770452,8
3.0725000000000002,-0.18168808006976764,8
3.0730000000000004,-0.23507365493046672,8
3.0735,-0.2726477451671326,8
3.0740000000000003,-0.30464866075994523,8
3.0745000000000005,-0.30824662228941724,8
3.075,-0.2852982504132155,8
3.0755,-0.2716401313670541,8
3.0760000000000005,-0.264298307020917,8
3.0765000000000002,-0.23705015960210685,8
3.077,-0.20629950114486506,8
3.0775,-0.18230176664349973,8
3.0780000000000003,-0.16641637463658435,8
3.0785,-0.17159421333971245,8
3.079,-0.14948042105840004,8
3.0795000000000003,-0.14695132595323868,8
3.08,-0.17650075269067034,8
3.0805000000000002,-0.200365285525696,8
3.0810000000000004,-0.20062231996446728,8
3.0815,-0.19820373954101925,8
3.0820000000000003,-0.18484890473807475,8
3.0825000000000005,-0.1676683344288436,8
3.083,-0.13471686913063244,8
3.0835,-0.06612940016591806,8
3.0840000000000005,0.010682511579837635,8
3.0845000000000002,0.09038042228185234,8
3.085,0.1441601442561642,8
3.0855,0.194182332627612,8
3.0860000000000003,0.25366939120142934,8
3.0865,0.33153588464849826,8
3.087,0.39548200061063615,8
3.0875000000000004,0.4274155635612317,8
3.088,0.40904056015238816,8
3.0885000000000002,0.3774793698877934,8
3.0890000000000004,0.33974903801458,8
3.0895,0.26879795089942343,8
3.0900000000000003,0.2016897722206461,8
3.0905000000000005,0.15204687653391527,8
3.091,0.1243509081086616,8
3.0915,0.13054129871010556,8
3.0920000000000005,0.13422473582497577,8
3.0925000000000002,0.14847285963166357,8
3.093,0.14169468006868885,8
3.0935,0.14126496232883942,8
3.0940000000000003,0.16147164213974372,8
3.0945,0.15636467526995973,8
3.095,0.14928448546965897,8
3.0955000000000004,0.12108763610272841,8
3.096,0.08417721768783336,8
3.0965000000000003,0.06111239878227205,8
3.0970000000000004,0.026828035978301887,8
3.0975,-0.030245788409624504,8
3.098,-0.038676348884651046,8
3.0985000000000005,-0.035724783004679767,8
3.099,-0.028767155537097463,8
3.0995,0.00393908632412808,8
3.1,0.021005404130791903,8
