redshift_z,comoving_distance_Gly,E_z
0.0,0.0,1.0
0.001,0.014503873976749687,1.0004729530453924
0.0010115867377375632,0.014671886369112791,1.0004784372599462
0.0010233077279665254,0.014841844539953268,1.0004839851172822
0.0010351645262352952,0.015013771012649023,1.0004895973571113
0.0010471587061160123,0.015187688571040994,1.0004952747277691
0.0010592918594133846,0.015363620262439212,1.000501017986316
0.0010715655963759432,0.015541589400663356,1.000506827898641
0.0010839815459097468,0.015721619569118307,1.0005127052395646
0.0010965413557945613,0.015903734623905024,1.0005186507929433
0.0011092466929025447,0.016087958696967178,1.0005246653517765
0.0011220992434194659,0.016274316199273924,1.0005307497183131
0.0011351007130684853,0.016462831824039258,1.0005369047041606
0.0011482528273365307,0.01665353054997834,1.0005431311303945
0.0011615573317032945,0.01684643764460126,1.00054942982767
0.0011750159918728843,0.01704157866754457,1.0005558016363347
0.001188630594008158,0.017238979473941134,1.0005622474065412
0.0012024029449677746,0.017438666217828656,1.0005687679983641
0.0012163348725459898,0.017640665355597322,1.0005753642819153
0.0012304282257152325,0.017845003649477064,1.0005820371374623
0.00124468487487149,0.018051708171064815,1.0005887874555484
0.0012591067120825378,0.018260806304892296,1.0005956161371117
0.0012736956513390435,0.018472325752034693,1.0006025240936098
0.0012884536288085837,0.0186862945337608,1.000609512247141
0.0013033826030926002,0.018902740995225008,1.0006165815305716
0.0013184845554863366,0.019121693809201683,1.0006237328876615
0.0013337614902417844,0.019343181979862355,1.0006309672731921
0.0013492154348336775,0.019567234846596226,1.000638285653097
0.0013648484402285675,0.019793882087874543,1.000645689004593
0.001380662581157018,0.02002315372515925,1.0006531783163122
0.0013966599563889515,0.020255080126856447,1.0006607545884374
0.0014128426890121868,0.0204896920123152,1.0006684188328376
0.0014292129267142058,0.020727020455872203,1.000676172073206
0.001445772842067177,0.02096709689094268,1.000684015345199
0.0014625246328163022,0.02120995311415847,1.0006919496965776
0.0014794705221714691,0.02145562128955305,1.0006999761873496
0.001496612759102327,0.02170413395279509,1.0007080958899144
0.0015139536186367366,0.0219555240154699,1.000716309889209
0.0015314954021627151,0.022209824769410455,1.0007246192828554
0.0015492404377338584,0.02246706989107767,1.0007330251813116
0.0015671910803783083,0.02272729344599098,1.0007415287080215
0.0015853497124112999,0.02299052989320961,1.0007501309995688
0.001603718743751331,0.02325681408986518,1.0007588332058328
0.001622300612239992,0.023526181295746133,1.0007676364901434
0.001641097783965505,0.023798667177934697,1.000776542029443
0.0016601127535900092,0.02407430781549685,1.0007855510144439
0.0016793480446806405,0.02435313970422599,1.0007946646497936
0.0016988062100444447,0.024635199761440844,1.0008038841542382
0.0017184898320671733,0.02492052533083825,1.0008132107607897
0.0017384015230560046,0.02520915418740147,1.0008226457168934
0.001758543925586235,0.025501124542364587,1.0008321902846007
0.0017789197128519874,0.025796475048233677,1.0008418457407395
0.0017995315890209846,0.02609524480386538,1.000851613377091
0.0018203822895934312,0.026397473359603515,1.0008614945005658
0.001841474581765055,0.02670320072247435,1.0008714904333817
0.0018628112647943555,0.027012467361441316,1.0008816025132476
0.001884395170374106,0.027325314212719633,1.0008918320935454
0.0019062291630071615,0.02764178268515176,1.0009021805435148
0.00192831614038662,0.0279619146656441,1.0009126492484428
0.00195065903378039,0.0282857525246659,1.0009232396098535
0.0019732608084202115,0.028613339121810813,1.0009339530456995
0.0019961244638951885,0.02894471781142205,1.0009447909905584
0.002019253034549876,0.02927993244828161,1.0009557548958283
0.002042649589886984,0.02961902739336449,1.0009668462299282
0.0020663172349747456,0.029962047519658506,1.0009780664784997
0.0020902591108590044,0.03030903821805051,1.000989417144612
0.00211447839498008,0.03066004540327973,1.0010008997489686
0.0021389783015944575,0.031015115519958905,1.001012515830115
0.0021637620822013708,0.03137429554866417,1.0010242669446539
0.002188833025974322,0.03173763301209429,1.0010361546674562
0.002214194460197603,0.0321051759813,1.0010481805918814
0.0022398497507078777,0.03247697308198444,1.001060346329995
0.002265802302340876,0.03285307350087529,1.0010726535127918
0.002292055559383267,0.03323352699216939,1.0010851037904216
0.0023186130060297645,0.03361838388405084,1.0010976988324165
0.0023454781668455346,0.034007695085283264,1.0011104403279212
0.002372654607233954,0.03440151209187704,1.0011233299859275
0.0024001459339097948,0.03479988699383246,1.0011363695355098
0.0024279557953778863,0.03520287248195952,1.0011495607260652
0.0024560878824173263,0.0356105218547753,1.001162905327555
0.002484545928571303,0.03602288902547982,1.00117640513075
0.002513333710642589,0.03644002852901109,1.0011900619474785
0.002542455049194781,0.0368619955291804,1.001203877610878
0.0025719138090593446,0.037288845825888685,1.001217853975649
0.0026017138998485323,0.037720635862424814,1.0012319929183127
0.0026318592764742496,0.038157422732846835,1.0012462963374706
0.00266235393967293,0.03859926418944699,1.00126076615407
0.0026932019365364882,0.03904621865030141,1.0012754043116692
0.0027244073610494337,0.039498345206905594,1.0012902127767085
0.0027559743546322,0.039955703631896454,1.0013051935387838
0.002787907106690773,0.04041835438686193,1.001320348610924
0.0028202098551726876,0.040886358630239206,1.0013356800298698
0.0028528868871294647,0.041359778225302464,1.00135118985636
0.0028859425392855696,0.04183867574824116,1.0013668801754156
0.002919381198613946,0.04232311449632967,1.001382753096634
0.0029532073029182614,0.04281315849619002,1.0013988107544805
0.0029874253414218285,0.04330887251214726,1.0014150553085888
0.0030220398553634366,0.043810322054680634,1.0014314889440605
0.003057055438599993,0.04431757338896898,1.0014481138717728
0.0030924767382162453,0.04483069354353441,1.0014649323286864
0.0031283084551414686,0.045349750318982134,1.0014819465781584
0.0031645553447733977,0.04587481229684073,1.0014991589102609
0.0032012222176092875,0.046405948848500723,1.0015165716421
0.00323831393988439,0.046943230144255874,1.0015341871181414
0.003275835434217722,0.04748672716244493,1.0015520077105402
0.0033137916802654225,0.04803651169869826,1.0015700358194728
0.003352187715381577,0.048592656375287376,1.0015882738734745
0.003391028635286784,0.049155234650581234,1.001606724329781
0.003430319594744419,0.049724320828608545,1.0016253896746736
0.0034700658082447463,0.05029999006872809,1.0016442724238297
0.0035102725506969638,0.05088231839540823,1.0016633751226764
0.003550945158129256,0.05147138270811651,1.0016827003467506
0.00359208902839697,0.052067260791320825,1.0017022507020596
0.0036337096218989834,0.05267003132460315,1.0017220288254522
0.003675812462302387,0.05327977389288727,1.0017420373849883
0.003718403137275551,0.05389656899678158,1.001762279080317
0.003761487299229695,0.05452049806303836,1.0017827566430588
0.0038050706660690443,0.055151643455130635,1.0018034728371912
0.0038491590219496812,0.05579008848394799,1.0018244304594404
0.0038937582180471873,0.05643591741861274,1.0018456323396783
0.003938874173333181,0.05708921549741748,1.0018670813413226
0.003984512875360854,0.057750068938885644,1.0018887803617438
0.004030680381059604,0.05841856495295618,1.001910732332677
0.004077382817538883,0.05909479175229379,1.0019329402206376
0.004124626382901352,0.05977883856372611,1.001955407027344
0.004172417347065464,0.06047079563980915,1.0019781357901445
0.004220762052597571,0.061170754270522376,1.0020011295824502
0.004269666915553677,0.06187880679509493,1.0020243915141724
0.004319138426330948,0.06259504661396426,1.0020479247321674
0.004369183150529077,0.06331956820086866,1.0020717324206845
0.004419807729821637,0.06405246711507524,1.002095817801822
0.004471018882837534,0.06479384001374469,1.0021201841359877
0.004522823406052666,0.06554378466443421,1.0021448347223643
0.00457522817469191,0.06630239995774036,1.0021697728993848
0.004628240143641576,0.06706978592008311,1.0021950020452075
0.004681866348372412,0.06784604372663264,1.0022205255782037
0.004736113905873325,0.06863127571438052,1.0022463469574465
0.004790990015595906,0.06942558539535672,1.0022724696832093
0.0048465019604099,0.070229077469994,1.002298897297468
0.004902657107569755,0.07104185784064126,1.0023256333844117
0.004959462909692365,0.07186403362522766,1.0023526815709596
0.005016926905746143,0.0726957131710786,1.0023800455272829
0.0050750567220515476,0.07353700606888586,1.002407728967335
0.005133860073293216,0.0743880231668328,1.0024357356493887
0.005193344763543811,0.07524887658487697,1.0024640693765783
0.005253518687299741,0.07611967972919129,1.002492733997452
0.00531438983052887,0.07700054730676564,1.0025217334065277
0.005375966271730381,0.07789159534017079,1.0025510715448585
0.005438256183006906,0.07879294118248586,1.0025807524006047
0.005501267831149089,0.07970470353239158,1.0026107800096133
0.005565009578732706,0.08062700244943076,1.0026411584560044
0.005629489885228509,0.08155995936943794,1.002671891872767
0.005694717308124916,0.08250369712013972,1.0027029844423594
0.005760700504063721,0.08345833993692789,1.0027344403973208
0.005827448229988962,0.08442401347880706,1.0027662640208888
0.005894969344309065,0.08540084484451797,1.0027984596476245
0.0059632728080725545,0.08638896258884046,1.0028310316640485
0.006032367686157227,0.08738849673907402,1.0028639845092822
0.006102263148473288,0.088399578811703,1.0028973226756979
0.006172968471180238,0.08942234182924277,1.0029310507095797
0.006244493037918056,0.09045692033727425,1.0029651732117908
0.006316846341052445,0.0915034504216633,1.0029996948384496
0.006390037982934712,0.09256206972597258,1.003034620301616
0.006464077677176037,0.09363291746906174,1.0030699543699861
0.006538975249936719,0.09471613446288439,1.003105701869595
0.006614740641230145,0.09581186313047718,1.0031418676845305
0.006691383906242087,0.09692024752414968,1.0031784567576552
0.006768915216665058,0.09804143334387057,1.0032154740913384
0.006847344862048363,0.09917556795585851,1.0032529247481976
0.006926683251163562,0.10032280041137354,1.0032908138518501
0.0070069409133859725,0.10148328146571728,1.0033291465876737
0.007088128500091977,0.10265716359743797,1.0033679282035783
0.00717025678607269,0.10384460102774788,1.003407164010788
0.007253336670963896,0.10504574974015131,1.0034468593846326
0.007337379180692605,0.10626076750028741,1.0034870197653498
0.007422395468940347,0.10748981387598915,1.0035276506588993
0.007508396818623435,0.108733050257561,1.003568757637786
0.007595394643390379,0.10999063987827738,1.0036103463418964
0.007683400489136636,0.11126274783510405,1.003652422479342
0.0077724260355369265,0.11254954110964482,1.0036949918273204
0.0078624830975953,0.11385118858931573,1.0037380602329817
0.00795358362721316,0.11516786108874906,1.0037816336143108
0.008045739714775456,0.11649973137142937,1.0038257179610193
0.008138963590755256,0.11784697417156402,1.0038703193354488
0.008233267627336912,0.11920976621619028,1.003915443873491
0.008328664340058033,0.12058828624752183,1.003961097785513
0.008425166389470481,0.1219827150455363,1.0040072873573014
0.008522786582820607,0.12339323545080695,1.0040540189510165
0.008621537875748972,0.1248200323875805,1.0041012990061584
0.008721433374009744,0.12626329288710367,1.0041491340405488
0.008822486335210026,0.1277232061112006,1.0041975306513238
0.008924710170569339,0.12919996337610432,1.0042464955159427
0.009028118446699488,0.13069375817654372,1.0042960353932067
0.00913272488740505,0.1322047862100894,1.0043461571242962
0.00923854337550473,0.13373324540176046,1.0043968676338189
0.009345587954673804,0.13527933592889474,1.004448173930873
0.00945387283130794,0.13684326024628543,1.0045000831101256
0.009563412376408578,0.13842522311158623,1.004552602352906
0.00967422112749019,0.1400254316109877,1.0046057389283127
0.009786313790509612,0.14164409518516763,1.0046595001943373
0.009899705241817745,0.1432814256555177,1.004713893599002
0.010014410530133867,0.14493763725064954,1.0047689266815156
0.010130444878542819,0.1466129466331821,1.0048246070734423
0.010247823686515334,0.14830757292681407,1.004880942499889
0.010366562531951775,0.15002173774368274,1.0049379407807078
0.01048667717324955,0.15175566521201317,1.0049956098317154
0.010608183551394482,0.15350958200405962,1.005053957665931
0.010731097792076422,0.1552837173643425,1.0051129923948283
0.010855436207829354,0.15707830313818286,1.0051727222296085
0.01098121530019632,0.15889357380053823,1.0052331554824883
0.011108451761919417,0.16072976648514176,1.0052943005680073
0.01123716247915515,0.1625871210139472,1.0053561660043535
0.011367364533715505,0.16446587992688425,1.0054187604147078
0.011499075205334944,0.16636628851192464,1.005482092528606
0.011632311973963675,0.16828859483546382,1.0055461711833216
0.011767092522087508,0.1702330497730201,1.0056110053252676
0.011903434737074578,0.1721999070402541,1.0056766040114178
0.01204135671354926,0.1741894232243121,1.0057429764107477
0.0121808767557936,0.17620185781549555,1.0058101318056973
0.01232201338017656,0.17823747323925954,1.0058780795936537
0.01246478531761141,0.18029653488854383,1.005946829288455
0.012609211516041602,0.1823793111564388,1.0060163905219155
0.012755311142955437,0.18448607346918955,1.0060867730453715
0.01290310358792988,0.18661709631954088,1.0061579867312531
0.013052608465203834,0.18877265730042636,1.0062300415746732
0.013203845616281247,0.19095303713900438,1.0063029476950436
0.013356835112564372,0.19315851973104423,1.0063767153377112
0.01351159725801753,0.19538939217566478,1.0064513548756207
0.013668152591861757,0.19764594481042988,1.0065268768109983
0.013826521891300653,0.19992847124680194,1.006603291777062
0.01398672617427783,0.2022372684059582,1.006680610539755
0.014148786702266297,0.20457263655497177,1.0067588439995057
0.01431272498309018,0.2069348793433608,1.006838003193012
0.014478562773779112,0.2093243038400091,1.006918099295052
0.014646322083455737,0.21174122057046077,1.0069991436203214
0.014816025176256619,0.21418594355459214,1.007081147625297
0.014987694574287037,0.21665879034466434,1.0071641229101278
0.015161353060609999,0.21916008206375917,1.0072480812205535
0.015337023682269888,0.22169014344460164,1.0073330344498528
0.015514729753351145,0.22424930286877207,1.0074189946408165
0.015694494858072394,0.22683789240631091,1.0075059739877543
0.01587634285391642,0.22945624785571972,1.0075939848385271
0.016060297874796386,0.2321047087843603,1.0076830396966125
0.016246384334258793,0.23478361856925695,1.0077731512231987
0.016434626928723505,0.237493324438303,1.0078643322393097
0.016625050640761318,0.24023417751187578,1.0079565957279637
0.016817680742409524,0.24300653284486282,1.0080499548363615
0.017012542798525893,0.24581074946910278,1.0081444228781082
0.01720966267018148,0.24864719043624323,1.0082400133354694
0.017409066518092806,0.25151622286101966,1.008336739861659
0.017610780806093736,0.2544182179649573,1.0084346162831617
0.017814832304647657,0.2573535511205006,1.0085336566020926
0.01802124809440028,0.2603226018955715,1.0086338749985886
0.018230055569773654,0.2633257540985607,1.008735285833239
0.018441282442601823,0.26636339582375534,1.0088379036495516
0.018654956745808582,0.2694359194972048,1.0089417431764545
0.01887110683712785,0.2725437219230282,1.0090468193308388
0.019089761402867184,0.2756872043301678,1.0091531472201374
0.01931094946171486,0.27886677241958885,1.009260742144945
0.01953470036859109,0.2820828364119311,1.009369619601675
0.019761043818543832,0.2853358110956135,1.0094797952852606
0.019990009850689796,0.2886261158753961,1.0095912850918942
0.02022162885220104,0.29195417482140074,1.0097041051218105
0.020455931562337836,0.29532041671859477,1.0098182716821116
0.020692949076528185,0.2987252751167394,1.009933801289635
0.020932712850494667,0.3021691883808068,1.0100507106738676
0.021175254704429068,0.30565259974186765,1.0101690167799022
0.021420606827215388,0.309175957348452,1.0102887367714408
0.02166880178070179,0.31273971431838726,1.0104098880338455
0.021919872504022022,0.31634432879111474,1.0105324881772344
0.02217385231796695,0.319990263980488,1.0106565550396283
0.022430774929406688,0.32367798822805544,1.0107821066901432
0.02269067443576403,0.3274079750568299,1.0109091614322356
0.022953585329539658,0.33118070322554805,1.011037737806997
0.023219542502889823,0.3349966567834212,1.0111678545964995
0.02348858125225701,0.3388563251253804,1.0112995308271953
0.023760737283054355,0.34276020304781957,1.0114327857733691
0.024036046714404246,0.3467087908048364,1.0115676389606434
0.024314546083931864,0.3507025941649752,1.0117041101695412
0.024596272352614277,0.35474212446847364,1.0118422194391048
0.024881262909685693,0.35882789868501547,1.0119819870705693
0.02516955557759958,0.3629604394719905,1.0121234336310976
0.02546118861704825,0.36714027523326576,1.0122665799575736
0.025756200732040616,0.3713679401784674,1.0124114471604542
0.026054631075038803,0.37564397438277775,1.0125580566276857
0.02635651925215424,0.37996892384724756,1.01270643002868
0.026661905328403988,0.3843433405596257,1.012856589318357
0.02697082983302794,0.3887677825557085,1.0130085567412486
0.02728333376486768,0.3932428139812096,1.0131623548356719
0.027599458597807606,0.39776900515415253,1.0133180064379683
0.027919246286279134,0.40234693262778654,1.0134755346868105
0.028242739270828685,0.4069771792540281,1.0136349630275794
0.028569980483750153,0.4116603342474285,1.0137963152168123
0.028901013354782665,0.41639699324966895,1.0139596153267227
0.029235881816874344,0.42118775839458417,1.0141248877497937
0.029574630312012858,0.4260332383737155,1.0142921572034471
0.029917303797123537,0.43093404850239425,1.0144614487347865
0.03026394775003581,0.4358908107863559,1.0146327877254202
0.030614608175518792,0.44090415398888577,1.014806199896362
0.030969331611386784,0.44597471369849684,1.0149817113130117
0.03132816513467555,0.4511031323971396,1.0151593483902195
0.031691156367890105,0.4562900595289444,1.0153391378974312
0.03205835348532495,0.4615361515694961,1.0155211069639212
0.03242980521945751,0.4668420720956415,1.015705283084108
0.032805560867415616,0.47220849185582797,1.0158916941229619
0.033185670297520044,0.4776360888409755,1.0160803683215003
0.03357018395590265,0.4831255483558769,1.0162713343023737
0.03395915287320145,0.48867756309113136,1.0164646210755457
0.03435262867133305,0.49429283319560585,1.0166602580440682
0.034750663570343676,0.4999720663494249,1.0168582750099513
0.03515331039533954,0.5057159778374878,1.0170587021801336
0.03556062258349749,0.5115252906235109,1.0172615701725503
0.035972654191156944,0.5174007354245942,1.0174669100223055
0.03638945990099393,0.52334305078631,1.0176747531879464
0.03681109502927832,0.529352983158311,1.0178851315578445
0.037237615533215085,0.5354312869704567,1.0180980774566848
0.037669078018370654,0.5415787247094541,1.0183136236520622
0.03810553974618532,0.5477960669960115,1.0185318033611943
0.03854705864157266,0.5540840926625011,1.0187526502577426
0.038993693300607035,0.5604435888311291,1.0189761984787549
0.03944550299830014,0.5668753509926052,1.0192024826317223
0.039902547696467706,0.5733801830853156,1.0194315378017578
0.04036488805168728,0.5799588975749865,1.019663399558899
0.04083258542334828,0.5866123155348414,1.019898103965533
0.04130570188179526,0.5933412667262422,1.0201356875839516
0.041784300216565595,0.6001465896798132,1.0203761874840334
0.042268443944722546,0.6070291317770387,1.020619641251061
0.04275819731928494,0.6139897493323344,1.0208660869936714
0.04325362533775447,0.6210293076755801,1.0211155633519429
0.043754793750741844,0.6281486812351126,1.021368109505624
0.04426176907069286,0.6353487536211706,1.0216237651825033
0.04477461858071556,0.6426304177097838,1.021882570666925
0.045293410343509734,0.6499945757271014,1.0221445668084528
0.04581821321039981,0.657442139334149,1.022409795030684
0.04634909683047247,0.6649740297120098,1.0226782973402186
0.04688613165982008,0.6725911776474188,1.0229501163357826
0.047429388970891266,0.6802945236187622,1.0232252952175143
0.047978940861949856,0.6880850178824737,1.0235038777964105
0.048534860266643345,0.6959636205598165,1.0237859085039398
0.04909722096368222,0.7039313017240416,1.024071432401824
0.0496660975866316,0.7119890414879132,1.0243604951919942
0.05024156563381611,0.720137830091588,1.024653143226718
0.05082370147833971,0.7283786679908386,1.0249494235189107
0.05141258237822143,0.7367125659456074,1.0252493837526244
0.05200828648664875,0.7451405451088814,1.0255530722937265
0.0526108928623496,0.7536636371158713,1.0258605382007644
0.05322048148008468,0.7622828841734849,1.0261718312360264
0.053837133241261256,0.7709993391500776,1.026487001876797
0.054460929984669997,0.779814065665468,1.0268061013268137
0.055091954497346156,0.7887281381812017,1.0271291815279293
0.05573029052555667,0.7977426420910481,1.027456295171979
0.0563760227859145,0.8068586738117142,1.0277874957128659
0.057029236976621774,0.8160773408737566,1.0281228373788567
0.057690019788843236,0.8253997620126781,1.0284623751851023
0.05835845891821139,0.8348270672601841,1.0288061649463824
0.05903464307646506,0.844360398035587,1.0291542632900783
0.05971866200322271,0.8540009072373335,1.0295067276693806
0.06041060647789223,0.8637497593346358,1.0298636163767358
0.061110568331718705,0.8736081304591886,1.0302249885575339
0.06181864045997176,0.8835772084969439,1.0305909042240453
0.06253491683427416,0.8936581931799276,1.0309614242696097
0.06325949251507322,0.9038522961780697,1.0313366104830823
0.06399246366425672,0.9141607411910252,1.0317165255635425
0.064733927557915,0.9245847640399617,1.032101233135269
0.06548398259925098,0.935125612759287,1.0324907977629898
0.06624272833163965,0.9457845476882882,1.0328852849674077
0.06701026545183901,0.9565628415626586,1.0332847612410117
0.06778669582335395,0.9674617796058781,1.0336892940641738
0.06857212248995513,0.978482659620425,1.0340989519215438
0.06936664968935433,0.9896267920787805,1.0345138043187423
0.07017038286703829,1.0008955002141997,1.0349339217993607
0.07098342869026307,1.0122901201112173,1.0353593759622721
0.07180589506221016,1.023812000795849,1.0357902394792606
0.07263789113630698,1.0354625043254606,1.0362265861129765
0.07347952733071303,1.0472430058782636,1.0366684907352193
0.0743309153429741,1.0591548938424036,1.0371160293455595
0.07519216816484615,1.0711995699046044,1.0375692790903037
0.07606340009729097,1.083378449138326,1.0380283182818093
0.07694472676564562,1.0956929600913974,1.0384932264181574
0.07783626513496762,1.108144544873083,1.0389640842031875
0.07873813352555792,1.1207346592405416,1.039440973566906
0.07965045162866378,1.133464772684631,1.0399239776862703
0.08057334052236358,1.146336368515013,1.0404131810063608
0.08150692268763558,1.159350943944518,1.040908669261944
0.08245132202461306,1.1725100101727117,1.0414105294994382
0.0834066638690276,1.1858150924686244,1.041918850099285
0.08437307500884311,1.1992677302525863,1.0424337207987404
0.08535068370108233,1.2128694771771167,1.0429552327150882
0.08633961968884847,1.226621901206818,1.0434834783692863
0.08734001421854411,1.2405265846972158,1.0440185517100558
0.08835200005728942,1.2545851244724868,1.044560548138416
0.0893757115105424,1.2687991319020235,1.045109564532682
0.09041128443992316,1.2831702329757688,1.045665699273927
0.09145885628124478,1.2977000683782614,1.046229052271921
0.09251856606275305,1.3123902935613316,1.046799724991555
0.09359055442357758,1.3272425788153805,1.0473778204797601
0.0946749636323967,1.3422586093391753,1.0479634433929308
0.09577193760631862,1.3574400853080957,1.0485567000248623
0.09688162192998129,1.3727887219407586,1.0491576983352107
0.09800416387487373,1.3883062495639515,1.0497665479784892
0.09913971241888106,1.4039944136758007,1.0503833603336066
0.10028841826605607,1.4198549750070968,1.0510082485339598
0.10145043386661991,1.4358897095807044,1.0516413274980938
0.10262591343719442,1.4521004087689722,1.0522827139609365
0.10381501298126906,1.468488879349067,1.0529325265056195
0.10501789030990474,1.485056943556142,1.0535908855958989
0.10623470506267778,1.5018064391342634,1.0542579136091839
0.10746561872886641,1.5187392193849976,1.0549337348701884
0.10871079466888274,1.535857153213578,1.0556184756852143
0.10997039813595316,1.553162125172555,1.0563122643770793
0.11124459629804986,1.5706560355028376,1.0570152313207042
0.11253355826007645,1.5883408001720303,1.0577275089793674
0.11383745508631075,1.6062183509099675,1.0584492319416423
0.11515645982310746,1.6242906352413422,1.0591805369590312
0.11649074752186403,1.6425596165153313,1.0599215629843055
0.11784049526225256,1.66102727393211,1.0606724512105683
0.11920588217572084,1.6796956025661438,1.061433345111052
0.12058708946926577,1.6985666133861574,1.0622043904796645
0.12198430044948234,1.717642333271663,1.062985735472299
0.1233977005468906,1.7369248050259227,1.063777530648918
0.12482747734054579,1.756416087385261,1.0645799290164326
0.1262738205829323,1.7761182550245629,1.0653930860723857
0.12773692222514685,1.796033398558873,1.0662171598494548
0.12921697644237312,1.8161636245409496,1.0670523109607941
0.1307141796596518,1.836511055454657,1.0678987026462257
0.13222873057794887,1.8570778297040607,1.0687565008192992
0.13376083020052648,1.8778661015980966,1.0696258741152334
0.1353106818596187,1.898878041330676,1.0705069939397582
0.13687849124341694,1.920115834956094,1.0714000345188717
0.13846446642336777,1.9415816843595943,1.0723051729495285
0.14006881788178693,1.963277807222953,1.0732225892512794
0.1416917585397937,1.9852064369849345,1.0741524664188746
0.14333350378556842,2.0073698227964663,1.0750949904758527
0.14499427150293784,2.0297702294703934,1.0760503505291295
0.1466742821002914,2.052409937425645,1.0770187388246084
0.14837375853983284,2.075291242625665,1.0780003508038243
0.1500929263671704,2.098416456510949,1.0789953851616474
0.1518320137412502,2.1217879059255202,1.080004043905059
0.15359125146463615,2.1454079330371827,1.0810265324130222
0.155370873014141,2.169278895251385,1.0820630594974634
0.15717111457181207,2.1934031651185273,1.08311383746539
0.15899221505627614,2.217783130234532,1.0841790821821558
0.16083441615444746,2.2424211931345126,1.0852590131359008
0.16269796235360315,2.2673197711793556,1.086353853503183
0.16458310097383028,2.2924812964350387,1.0874638302158233
0.16649008220084893,2.3179082155445028,1.088589174028984
0.1684191591192155,2.3436029895918926,1.089730119590502
0.17037058774591077,2.3695680939589763,1.0908869055114994
0.17234462706431714,2.395806018173558,1.092059774438289
0.1743415390585895,2.422319265749687,1.0932489731256037
0.1763615887484245,2.449110354019472,1.0944547525111654
0.17840504422423248,2.476181813956301,1.0956773677916187
0.18047217668271703,2.503536189989271,1.096917078499851
0.18256326046286683,2.531176039808624,1.0981741485837244
0.18467857308236452,2.5591039341619877,1.0994488464862393
0.18681839527441726,2.5873224566412145,1.1007414452271556
0.18898301102501433,2.6158342034596136,1.1020522224860938
0.1911727076106162,2.644641783219367,1.1033814606871402
0.19338777563628026,2.6737478166689206,1.1047294470849822
0.19562850907422855,2.703154936450133,1.1060964738525951
0.19789520530286211,2.7328657868349837,1.1074828381705077
0.20018816514622761,2.7628830234516055,1.1088888423176697
0.20250769291394094,2.7932093129994437,1.1103147937639486
0.20485409644157376,2.8238473329533194,1.1117610052642788
0.20722768713150774,2.8547997712561783,1.1132277949544902
0.20962877999426233,2.88606932600031,1.1147154864488422
0.21205769369030117,2.9176587050968186,1.1162244089392876
0.2145147505723232,2.9495706259331294,1.1177548972964957
0.21700027672804348,2.9818078150183083,1.1193072921726577
0.21951460202346995,3.014373007615981,1.120881940106105
0.22205806014668145,3.0472689473646315,1.1224791936277623
0.2246309886521131,3.080498385885064,1.1240994113694687
0.22723372900535466,3.1140640823748114,1.1257429581741887
0.22986662662846818,3.1479688031892765,1.1274102052081456
0.2325300309458306,3.182215321409393,1.1291015300749
0.2352242954305074,3.2168064163955887,1.1308173169314049
0.23794977765116376,3.25174487332785,1.1325579566060646
0.24070683931951928,3.2870334827316747,1.1343238467188264
0.2434958463383523,3.3226750399897056,1.1361153918033304
0.24631716885006077,3.3586723448388502,1.1379330034311508
0.2491711812857855,3.3950282008526775,1.1397771003381523
0.252058262415103,3.431745414908912,1.1416481085529961
0.25497879539629265,3.4688267966418,1.1435464615278186
0.2579331678271893,3.5062751578792244,1.1454726002711157
0.2609217717966218,3.5440933120643066,1.1474269734828644
0.26394500393644954,3.5822840736613775,1.1494100376918999
0.2670032654742013,3.6208502575461257,1.1514222573955957
0.2700969622863238,3.6597946783797464,1.1534641052018577
0.2732265049520479,3.6991201499669564,1.155536061973475
0.2763923088078783,3.7388294845977006,1.1576386169748516
0.27959479400271475,3.7789254923724145,1.1597722680211497
0.28283438555361223,3.819410980510709,1.161937521629875
0.28611151340218677,3.860288752643338,1.1641348931749347
0.28942661247167517,3.901561608087342,1.1663649070431943
0.2927801227246558,3.9432323411042463,1.1686280967935725
0.29617248922143796,3.985303740141221,1.1709250053186917
0.299604162179128,4.027778587055103,1.1732561850091263
0.30307559703137993,4.070659656319216,1.1756221979202717
0.3065872544888379,4.113949714212906,1.1780236159418658
0.3101396006002796,4.157651517993749,1.1804610209701976
0.31373310681446764,4.201767815052375,1.1829350050830265
0.3173682500427178,4.246301342049902,1.1854461707172501
0.3210455127221921,4.291254824037933,1.1879951308493428
0.3247653828799257,4.336630973561154,1.190582509178605
0.32852835419759463,4.382432489742505,1.1932089403132473
0.3323349260770354,4.428662057351004,1.1958750699593403
0.3361856037065225,4.47532234585222,1.1985815551126664
0.34008089812781434,4.522416008441506,1.2013290642534962
0.34402132630397625,4.569945681060044,1.2041182775443295
0.34800741118798906,4.617913981393813,1.2069498870306226
0.3520396817921526,4.666323507855609,1.209824596844541
0.35611867325829344,4.715176838550241,1.2127431234117627
0.3602449269287863,4.764476530223078,1.215706195661367
0.3644189904183977,4.814225117192115,1.2187145552388376
0.36864141768696324,4.864425110263786,1.2217689567222154
0.37291276911290555,4.915078995632716,1.2248701678414247
0.37723361156760526,4.966189233765695,1.2280189697008144
0.38160451849063287,5.017758258270117,1.2312161570049382
0.3860260699658529,5.06978847474721,1.2344625382876113
0.39049885279840946,5.12228225963036,1.2377589361442707
0.39502346059260396,5.1752419590088765,1.2411061874676768
0.39960049383067503,5.228669887437588,1.2445051436869845
0.4042305599524918,5.282568326732656,1.2479566710102228
0.40891427343616965,5.336939524754036,1.2514616506702072
0.41365225587962073,5.391785694175045,1.2550209791739293
0.4184451360830493,5.44710901123952,1.2586355685554496
0.4232935501324025,5.50291161450707,1.262306346632332
0.4281981414837887,5.559195603586981,1.2660342572656549
0.4331595610488733,5.615963037861318,1.2698202606236317
0.43817846728126464,5.6732159351978515,1.273665333448882
0.4432555262639,5.730956270653422,1.2775704693293863
0.4483914117974454,5.789185975168408,1.2815366789731615
0.4535868054897181,5.847906934252987,1.285564990486698
0.4588423968461465,5.907120986665918,1.2896564496571978
0.46415888336127775,5.966829923086584,1.2938121202386486
0.46953697061134503,6.027035484781097,1.298033084241781
0.4749773723479086,6.087739362263265,1.3023204422279466
0.4804808105925807,6.148943193951272,1.3066753136069602
0.4860480157328487,6.210648564820948,1.3110988369389522
0.4916797266190082,6.272857005056537,1.3155921702402749
0.4973766906622194,6.335569988699888,1.320156491293508
0.5031396639336997,6.398788932299066,1.3247929979616158
0.5089694112650651,6.462515193557343,1.329502908506298
0.5148667063498353,6.526750069983621,1.3342874619105929
0.5208323318461139,6.591494797545335,1.3391479182057806
0.5268670794804582,6.656750549324912,1.344085558802641
0.5329717501529547,6.722518434180928,1.3491016868271266
0.539147154043507,6.788799495415018,1.3541976274605
0.5453941107193627,6.855594709445852,1.359374728284008
0.5517134492438794,6.922904984491193,1.3646343596281436
0.5581060082865547,6.990731159259372,1.369977914926566
0.5645726362343293,7.059074001651369,1.3754068110747453
0.5711141913041811,7.127934207474755,1.380922488793399
0.5777315416570231,7.197312399170804,1.3865264129967971
0.5844255655129211,7.267209124556021,1.3922200731660033
0.5911971512676464,7.33762485557945,1.398004983727137
0.598047197610579,7.408559987097069,1.403882684434734
0.6049766136439775,7.480014835664622,1.4098547407602862
0.6119863190036293,7.551989638350233,1.415922744286053
0.619077243980901,7.62448455156821,1.4220883131042328
0.6262503296462011,7.697499649935372,1.4283530922215837
0.6335065279738742,7.771034925151316,1.434718753969599
0.6408468019685417,7.845090284903997,1.44118699842033
0.6482721257929073,7.919665551802039,1.4477595538079688
0.6557834848970422,7.994760462335144,1.454438176956292
0.6633818761491694,8.07037466586402,1.4612246537120859
0.6710683079679626,8.146507723641195,1.4681207993846637
0.6788438004563776,8.223159107864127,1.475128459191602
0.6867093855370363,8.300328200761971,1.4822495087108194
0.6946661070891771,8.378014293717362,1.4894858543391234
0.7027150210871934,8.456216586424604,1.4968394337573745
0.7108571957407769,8.534934186085552,1.5043122164023879
0.7190937116366849,8.614166106644545,1.511906203945738
0.72742566188215,8.693911268063658,1.5196234307795995
0.7358541522499518,8.774168495639598,1.52746596450979
0.7443803013251689,8.854936519363404,1.535435906456171
0.7530052406536318,8.936213973324275,1.5435353921605712
0.7617301148920961,9.017999395158622,1.55176659190241
0.7705560819601547,9.100291225545558,1.5601317112221869
0.7794843131939112,9.183087807749905,1.5686329914530328
0.7885159935014336,9.26638738721382,1.5772727102604969
0.7976523215200089,9.350188111198047,1.5860531821907777
0.8068945097752196,9.434488028473815,1.594976759227581
0.8162437848418647,9.519285089066289,1.604045831357829
0.8257013875067433,9.604577144050488,1.6132628271464153
0.835268572933326,9.69036194540052,1.6226302143202354
0.8449466108283331,9.776637145892874,1.6321505003617074
0.8547367856102438,9.863400299064544,1.6418262331120217
0.8646403965797576,9.950648859226638,1.6516600013843454
0.8746587580922298,10.03838018153405,1.6616544355872334
0.8847931997321071,10.126591522111791,1.6718122083584852
0.8950450664893824,10.215280038238427,1.6821360352097112
0.9054157189380947,10.30444278858702,1.69262867518186
0.9159065334168977,10.394076733523965,1.7032929315119805
0.9265189022117198,10.484178735465953,1.7141316523114885
0.937254233740542,10.574745559295273,1.72514773125622
0.9481139527403144,10.665773872833617,1.736344108288551
0.9590995004560408,10.757260247374372,1.7477237703318822
0.9702123348320528,10.849201158273475,1.7592897520177857
0.9814539307055006,10.941592985598644,1.77104513642611
0.9928257800020858,11.034432014836907,1.782993055838365
1.0043293919340615,11.127714437660098,1.795136692504694
1.0159662932005278,11.221436352748071,1.8074792794247618
1.0277380281900466,11.315593766669187,1.8200241011428782
1.039646159185605,11.410182594817634,1.8327744945577018
1.0516922665719535,11.505198662406997,1.8457338497468576
1.063877949045346,11.60063770551949,1.8589056108068114
1.076204823825711,11.696495372210117,1.8722932767083633
1.0886745268712799,11.792767223665011,1.8859004021681043
1.1012887130957043,11.889448735413108,1.8997305985362074
1.1140490565876826,11.98653529859017,1.9137875347009161
1.1269572508331438,12.084022221254333,1.9280749380101172
1.1400150089399925,12.181904729751908,1.9425965952103526
1.153224063865466,12.280177970132481,1.9573563534036764
1.166586168646122,12.378837009612027,1.9723581210227419
1.1801030966304933,12.477876838082842,1.987605868824503
1.1937766417144369,12.577292369668934,2.003103630902946
1.207608618579211,12.677078444325538,2.0188555057212447
1.2216008629323094,12.777229829481296,2.034865657163752
1.235755231751087,12.87774122172164,2.051138315608248
1.2500736035292084,12.97860724851184,2.0676777790188607
1.264557878525952,13.079822469958122,2.0844884140600803
1.2792099790184013,13.181381380605258,2.1015746572323044
1.2940318495565613,13.283278411268926,2.1189410160293463
1.3090254572214268,13.385507930901152,2.13659207011834
1.3241927918860452,13.488064248487099,2.1545324725424937
1.3395358664796004,13.590941614971394,2.172766950947139
1.3550567172545591,13.694134225212222,2.191300308829519
1.3707574040569108,13.797636219961335,2.2101374268127927
1.3866400105995413,13.901441687868136,2.2292832639446996
1.40270664473877,14.005544667505943,2.2487428590213603
1.4189594387540954,14.109939149418572,2.2685213319366904
1.4354005496311788,14.21461907818532,2.2886238850578926
1.4520321593481094,14.319578354502442,2.3090558046275214
1.4688564751649835,14.424810837279201,2.329822462192591
1.4858757299168417,14.530310345746605,2.3509293160612437
1.5030921823099983,14.636070661576857,2.372381912787442
1.5205081172218058,14.742085531011668,2.394185888684219
1.5381258460038907,14.848348666997493,2.4163469713659658
1.5559477067889054,14.954853751325812,2.4388709813202927
1.5739760648008312,15.061594436776565,2.4617638335099583
1.5922133126688802,15.168564349262923,2.4850315390054085
1.6106618707450313,15.275757089975473,2.508680206648442
1.6293241874252469,15.383166237524113,2.5327160447475445
1.6482027394744114,15.49078535007575,2.5571453628054206
1.6673000323550344,15.598607967486139,2.581974573279287
1.686618600559763,15.706627613424049,2.607210193374461
1.7061610079477447,15.814837797486142,2.632858846871813
1.7259298480848917,15.923232017300835,2.658927265989653
1.7459277445880836,16.031803760619546,2.6854222932806064
1.7661573514733608,16.14054650739376,2.7123508835640826
1.7866213535081519,16.249453731836375,2.7397201058948975
1.807322466567581,16.358518904465758,2.7675371455686637
1.8282634379949054,16.467735494131187,2.7958093061645393
1.849447046966128,16.577096970018182,2.824544011625949
1.8708761048588352,16.686596803632398,2.8537488083798954
1.8925534556253083,16.79622847076075,2.8834313674954806
1.9144819761699576,16.905985453408597,2.913599486882288
1.9366645767311306,17.01586124171168,2.944261093529249
1.959104201267343,17.125849335821723,2.9754242457846605
1.981803827847986,17.235943247764595,3.007097135678017
2.004766469048559,17.346136503269985,3.0392880912843214
2.0279951723504857,17.456422643571596,3.0720055791315617
2.051493020545555,17.56679522717693,3.1052582066520507
2.0752631321450576,17.6772478316058,3.139054724678328
2.099308661793656,17.787774055096722,3.173404029984339
2.123632800688054,17.89836751828043,3.208315167872626
2.1482387770005134,18.009021865819793,3.243797334808254
2.173129856307282,18.119730768015494,3.2798598811002386
2.1983093420219824,18.230487922376838,3.316512313631233
2.2237805758340263,18.34128705515716,3.3537642986362446
2.2495469381521023,18.452121922853312,3.3916256645311735
2.275611848552809,18.562986313668805,3.4301064047919865
2.3019787662344817,18.673874048940185,3.469216680885319
2.328651190476282,18.784778984526323,3.5089668252513646
2.3556326611025953,18.89569501216027,3.54936734433986
2.382926758952829,19.006616060763548,3.5904289217000813
2.410537106356637,19.117536097722517,3.6321624211256682
2.4384673676146558,19.228449130126773,3.674578889855193
2.466721249484813,19.339349205969462,3.7176895618293986
2.4953025016742676,19.450230415309374,3.761505861005995
2.5242149173370527,19.561086891394904,3.806039404732984
2.5534623335774818,19.671912811749777,3.851302007181452
2.58304863195939,19.782702399220703,3.8973056828388097
2.6129777390212747,19.89344992298698,3.9440626500634828
2.643253626797405,20.004149699532253,3.9915853347020493
2.6738803133449696,20.1147960935785,4.039886373769867
2.7048618632773307,20.225383518982582,4.0889786191962285
2.736202388303462,20.335906439595465,4.138875141635135
2.7679060477736277,20.446359370084455,4.189589234342743
2.799977049231396,20.55673687671875,4.241134417122633
2.8324196489720364,20.667033578118584,4.293524440339997
2.865238152607396,20.777244145968364,4.346773289005922
2.8984369156373178,20.887363305694173,4.400895186932929
2.932020344027679,20.997385837106023,4.455904600962959
2.9659928947951273,21.10730657500528,4.511816245269044
3.0003590765985946,21.21712040975776,4.568645085731881
3.0351234503376596,21.3268222878329,4.626406344392585
3.07029062975785,21.43640721230952,4.685115503982911
3.1058652820629518,21.545870243348677,4.744788312534252
3.141852128534418,21.655206498634154,4.805440788066738
3.1782559451579506,21.764411153781033,4.867089223359843
3.215081563257347,21.873479442713034,4.929750190805822
3.2523338701356845,21.982406658009022,4.993440547347439
3.2900178097239405,22.091188151219402,5.0581774395014145
3.328138383237124,22.199819333152863,5.123978308469063
3.36670064983801,22.308295674134126,5.190860895335589
3.4057097273085666,22.416612704233245,5.258843246359606
3.4451707927291584,22.52476601346714,5.327943718354394
3.485089083165624,22.63275125197386,5.398180984162502
3.5254698963643087,22.740564130160266,5.469574038225269
3.566318591455156,22.848200418823716,5.542142202248951
3.6076405896629424,22.955655949248413,5.615905130969084
3.649441375026755,23.062926613276925,5.690882818014791
3.691726495127802,23.170008363357642,5.767095601874786
3.734501561825661,23.276897212568688,5.844564171966811
3.777772252003055,23.383589234618906,5.923309574812318
3.8215443083192575,23.490080563826613,6.003353220318232
3.8658235399722303,23.596367395076655,6.0847168881676295
3.9106158234695867,23.702445983756395,6.167422734321264
3.9559271034084933,23.808312645671293,6.251493297631853
4.001763393264605,23.91396375694061,6.336951506573093
4.048130776190144,24.019395753873862,6.4238206860854135
4.095035405821217,24.124605132828652,6.5121245645405015
4.142483507094503,24.229588450050425,6.601887280826689
4.190481377073388,24.334342321494738,6.6931333915573
4.239035385783679,24.438863422632636,6.7858878784041226
4.288151977059005,24.543148488239705,6.880176155558205
4.337837669396,24.647194312169315,6.976024077320176
4.3880990568194145,24.750997747110713,7.073457945822425
4.438942809757229,24.854555704332384,7.172504518885382
4.490375675925928,24.957865153411312,7.273191018010312
4.542404481226015,25.060923121948665,7.3755451365110005
4.595036130647912,25.163726695272334,7.479595047786758
4.648277609188357,25.26627301612701,7.585369413739268
4.70213598277741,25.368559284352095,7.69289739333577
4.75661839921621,25.470582756548147,7.802208651321176
4.811732089125601,25.572340745732195,7.913333367081768
4.867484366905717,25.67383062098243,8.026302243663029
4.923882631706742,25.77504980707286,8.141146516944561
4.98093436841087,25.87599578409821,8.257897964974578
5.038647148625662,25.97666608708963,8.376588917467004
5.097028631688907,26.07705830562161,8.497252265463915
5.156086565685138,26.177170083410545,8.619921471166355
5.215828788473904,26.276999117905387,8.744630577936361
5.2762632287299835,26.376543159870735,8.871414220473362
5.337397906995625,26.47580001296284,9.000307635167928
5.399240936745002,26.574767533298857,9.131346670636054
5.461800525460982,26.673443629019765,9.26456779843714
5.525084975724383,26.771826259847312,9.400008123978955
5.589102686315852,26.86991343663533,9.537705397612827
5.653862153330504,26.96770322091582,9.677698025922487
5.7193719713054785,27.065193724440107,9.820025083209941
5.7856408343605645,27.162383108715428,9.964726323181903
5.8526775373520366,27.25926958453728,10.11184219084027
5.920490977039862,27.355851411517804,10.261413834580315
5.989090153268432,27.45212689761059,10.413483118500235
6.058484170160976,27.548094398632138,10.568092634925819
6.1286822373278085,27.64375231778028,10.72528571715399
6.199693671088588,27.73909910514989,10.885106452419187
6.271527895708722,27.834133257246084,11.047599695086422
6.34419444465011,27.928853316495243,11.212811080075122
6.417702961836376,28.023257870754087,11.380787036517784
6.492063202932757,28.117345552817046,11.551574801657615
6.567285036640823,28.21111503992217,11.725222434989398
6.643378446008203,28.30456505325586,11.901778832647883
6.72035352975348,28.397694357456583,12.081293742048086
6.798220503606441,28.4905017601178,12.263817776781975
6.876989701663853,28.582986111290413,12.449402431776063
6.956671577760956,28.67514630298476,12.638100098714542
7.037276706858831,28.766981268672552,12.829964081732658
7.118815786447867,28.8584899827888,13.02504861338515
7.2012996379674625,28.949671460234008,13.223408870894536
7.2847392082422004,29.040524755876724,13.425100992684362
7.369145570934647,29.13104896405674,13.630182095202269
7.454529928014992,29.22124321808896,13.838710290038215
7.5409036112477175,29.311106689768263,14.050744701342923
7.628278083695488,29.400638588875353,14.26634548355199
7.716664941240468,29.48983816268386,14.485573839421019
7.806075914123269,29.578704695468797,14.708492038377294
7.896522868499725,29.66723750801649,14.935163435193662
7.988017808015702,29.75543595713615,15.165652488990265
8.080572875400163,29.84329943517318,15.400024782569997
8.174200354076692,29.930827369524383,15.6383470420936
8.268912669793675,30.01801922215513,15.880687157100368
8.364722392273388,30.104874489118625,16.127114200880705
8.46164223688018,30.19139270007743,16.377698451206662
8.559685066307999,30.277573417827256,16.632511411426897
8.658863892287446,30.363416237823163,16.89162583193249
8.759191877312636,30.44892078770829,17.155115732000194
8.86068233638805,30.534086726845164,17.42305642201984
8.963348738795638,30.618913745849696,17.695524526112756
9.06720470988238,30.70340156612791,17.972598005148026
9.172264032868586,30.78754993941555,18.254356180163832
9.278540650677117,30.871358647320566,18.540879756200912
9.386048667783832,30.954827500868614,18.832250846555592
9.494802352089447,31.037956340051544,19.128552997459717
9.604816136813106,31.12074503337907,19.429871213195245
9.716104622407874,31.20319347743357,19.736291981651036
9.828682578498439,31.285301596428113,20.04790330032985
9.942564945841257,31.36706934176776,20.36479470281352
10.057766838307408,31.44849669161424,20.687057285694376
10.174303544888447,31.52958365045393,21.01478373598141
10.292190531725419,31.610330248669296,21.34806835898922
10.411443444161563,31.690736542113846,21.687007106719165
10.532078108818524,31.77080261169044,22.03169760674012
10.654110535696946,31.8505285629333,22.382239191579497
10.777556920301063,31.929914525593464,22.738732928631656
10.902433645788262,32.00896065322795,23.101281650595016
11.028757285143184,32.087667122792396,23.469989986445043
11.15654460337739,32.16603413423755,23.844964392955042
11.285812559754136,32.24406191010924,24.22631318677206
11.416578310039316,32.321750695152225,24.614146577060282
11.548859208778081,32.399100755917594,25.008576698719555
11.682672811598247,32.4761123803741,25.40971764619177
11.818036877539983,32.552785877523,25.817685507863125
11.954969371412902,32.62912157701691,26.232598401075347
12.093488466180052,32.70511982878224,26.654576507754317
12.233612545369937,32.780781002645575,27.083742110669547
12.375360205516088,32.85610548796372,27.520219630333337
12.518750258625293,32.93109369325765,27.964135662553435
12.663801734674022,33.005746045850174,28.415619016648517
12.8105338841342,33.08006299150754,28.874800754340722
12.958966180527817,33.15404499408465,29.341814229334844
13.109118323011558,33.22769253517437,29.81679512759905
13.261010238990963,33.301006113760366,30.29988150835701
13.414662086765304,33.37398624587396,30.791213845806897
13.570094258202673,33.44663346425466,31.290935071577426
13.727327381446493,33.518948318014615,31.79919061793702
13.886382323652969,33.59093137230671,32.31612846176669
14.047280193760683,33.66258320799666,32.84189916931317
14.21004234529184,33.733904421338636,33.376655941733404
14.374690379186417,33.80489562365489,33.92055466144746
14.541246146668708,33.875557441019005,34.47375393931144
14.709731752147524,33.945890513942956,35.03641516262804
14.880169556149578,34.015895497067845,35.608702544006846
15.05258217828714,34.085573058858465,36.19078317109202
15.226992500260087,34.15492388130149,36.78282705717199
15.403423668892426,34.22394865960738,37.38500719268581
15.581899099204472,34.292648101916,37.99749959764518
15.762442477520109,34.361022929005834,38.62048337498489
15.945077764610577,34.429073874006946,39.25414076486212
16.129829198874152,34.496801682117464,39.89865719991803
16.316721299553215,34.564207110323785,40.55422136152247
16.50577886998803,34.63129092712424,41.22102523701585
16.69702700090881,34.698053912256476,41.89926417796995
16.890491073765336,34.76449685642825,42.58913695948199
17.086196764095725,34.8306205610519,43.29084584052458
17.284170044933685,34.89642583798214,44.00459662536659
17.484437190255793,34.961913509257585,44.730598726088125
17.687024778468167,35.02708440684545,45.469065226205494
17.891959695934077,35.09193937238998,46.220212945429886
18.099269140541896,35.156479256964076,46.984262505576545
18.308980625314945,35.220704920824474,47.761438397648874
18.521121982062574,35.28461723317013,48.55196905011482
18.73572136507417,35.34821707190416,49.356086898401124
18.952807254855323,35.41150532339888,50.17402845562308
19.17240846190794,35.47448288226433,51.006034384576715
19.39455413055348,35.53715065111993,51.85234957101137
19.619273742801198,35.59950954036949,52.713223198210855
19.846597122260473,35.661560467979314,53.58890882290158
20.0765544380992,35.72330435925969,54.47966445251706
20.309176209047347,35.78474214664929,55.385752623837966
20.544493307447556,35.84587476950296,56.30744048303775
20.782536963352054,35.90670317388241,57.24499986715446
21.02333876866765,35.9672283123502,58.198707387019226
21.26693068134812,36.02745114376654,59.1688445116631
21.51334502963586,36.08737263308941,60.1556976542341
21.762614516351938,36.14699375117737,61.15955825944631
22.014772223236616,36.206315474595655,62.18072289259467
22.269851615339427,36.26533878542491,63.21949333015807
22.527886545460834,36.32406467107315,64.27617665202523
22.788911258644646,36.382494124090364,65.35108533536717
23.052960396723183,36.440628141986146,66.44453735019205
23.320069002914423,36.49846772705005,67.55685625660702
23.590272526473093,36.556013886174846,68.68837130382403
23.863606827394953,36.61326763068247,69.83941753093535
24.140108181176327,36.67022997615287,71.01033586949733
24.419813283627995,36.72690194225531,72.2014732479486
24.70275925574568,36.78328455258272,73.41318269790317
24.98898364863614,36.83937883448838,74.64582346234539
25.278524448501166,36.8951858189255,75.89976110576877
25.571420081678504,36.95070654028924,77.17536762628683
25.867709419741995,37.00594203626142,78.47302156975907
26.16743178466001,37.060893347657725,79.79310814596208
26.470626954014467,37.11556151827747,81.13601934684975
26.777335166279478,37.16994759475581,82.50215406693405
27.087597126162013,37.22405262641856,83.89191822583226
27.401454010003594,37.27787766513924,85.30572489301272
27.718947471245432,37.33142376519879,86.7439944147874
28.040119645956015,37.38469198314741,88.20715454358397
28.36501315842363,37.43768337766902,89.69564056954789
28.69367112681278,37.49039900944783,91.2098954545083
29.026137168887082,37.5428399410374,92.75036996836026
29.36245540779748,37.59500723673183,94.31752282789812
29.702670477938554,37.64690196243932,95.91182083815498
30.046827530871656,37.698525185557855,97.53373903628416
30.394972241317692,37.749877974853206,99.1837608380394
30.747150813218383,37.800961400338956,100.86237818689216
31.103409985868417,37.85177653315881,102.57009170584195
31.46379704011861,37.90232444547099,104.30741085196642
31.828359804650347,37.95260621033458,106.07485407375871
32.19714666232366,38.00262290159824,107.87294897131065
32.57020655659783,38.05237559379059,109.70223245938521
32.94758899802742,38.10186536201299,111.56325093344142
33.329344070832555,38.15109328183394,113.45656043865583
33.71552243954633,38.200060429185754,115.38272684200635
34.106175355738245,38.248767880262996,117.34232600746476
34.50135466481656,38.297216711422884,119.33594397436596
34.90111281290841,38.345407999087584,121.36417713900148
35.30550285382072,38.39334281964836,123.42763243950871
35.714578456080694,38.44102224937156,125.52692754410505
36.12839391005896,38.48844736430646,127.66269104274089
36.54700413517415,38.53561924019483,129.83556264222273
36.97046468718209,38.58253895238235,132.0461933648833
37.398831765548266,38.62920757573164,134.29524575085154
37.832162220906966,38.675626184537215,136.58339406400307
38.270513562605515,38.721795852441915,138.91132450164525
38.713943966337325,38.76771765235519,141.27973540802103
39.16251228186195,38.8133926563729,143.68933749168764
39.61627804081602,38.858821935698835,146.1408540468576
40.0753014646133,38.904006560567815,148.63502117876087
40.5396434724376,38.94894760017036,151.17258803311736
41.009365689327005,38.99364612257887,153.7543170297831
41.4845304543531,39.03810319467554,156.38098410066127
41.9652008288936,39.082319882081514,159.05337893194428
42.451440605002205,39.12629724908776,161.77230521078175
42.943314313874055,39.170036358587296,164.53858087644295
43.4408872344107,39.21353827200895,167.35303837607287
43.94422540188283,39.25680404925245,170.21652492511217
44.453395616694856,39.299834748625074,173.1299027724848
44.96846545324959,39.342631426779526,176.09404947062637
45.48950326891711,39.385195138653316,179.10985815046055
46.01657821310603,39.42752693740939,182.17823780139992
46.5497602364414,39.46962787437819,185.30011355648267
47.089120100047445,39.51149899900093,188.47642698272443
47.63472938493936,39.55314135877424,191.70813637680143
48.1866605015224,39.594555999196025,194.9962170661468
48.744986699202585,39.63574396371262,198.3416617155813
49.3097820761072,39.67670629366715,201.7454806395632
49.8811215889195,39.71744402824913,205.20870212018377
50.45908106282575,39.75795820444521,208.73237273099627
51.04373720157921,39.7982498569912,212.3175576668096
51.63516759767895,39.83832001832515,215.96534107953832
52.23345074266843,39.87816971854163,219.6768264202456
52.838666037551604,39.91779998534712,223.45313678747448
53.450893803331454,39.95721184401653,227.29541528200818
54.070215291668944,39.99640631735075,231.20482536816087
54.696712695667145,40.03538442563536,235.18255124174334
55.33046916077863,40.074147186600314,239.22979820480975
55.97156879584095,40.11269561538075,243.34779304733604
56.62009668423828,40.15103072447871,247.53778443593978
57.27613889519407,40.18915352372599,251.80104330979833
57.93978249519287,40.227065020247906,256.13886328387963
58.61111555953619,40.26476621842804,260.5525610596487
59.29022718403048,40.302258119873976,265.0434768433686
59.97720749681244,40.33954172338397,269.6129747721658
60.67214767030935,40.3766180249145,274.26244334798304
61.375139933339995,40.41348801754884,278.9932958795972
62.086277583353784,40.45015269146642,283.80697093282976
62.805654998813715,40.48661303391314,288.7049327891335
63.53336765172091,40.52287002917247,293.68867191269203
64.26951212028551,40.55892465853758,298.7597054262139
65.01418610174447,40.594777900284086,303.91957759558306
65.76748842532643,40.630430729643784,309.16986032352486
66.52951906536899,40.66588411877916,314.5121536524858
67.30037915458556,40.70113903675865,319.9480862768738
68.08017099748837,40.73619644953274,325.479316064873
68.86899808396466,40.77105731991083,331.10753058998336
69.66696510301236,40.805722607538854,336.8344476725076
70.47417795663286,40.84019326887762,342.6618159311455
71.29074377388679,40.874470257181926,348.59141534492113
72.11677092511056,40.90855452248039,354.62505782561453
72.95236903629981,40.94244701155594,360.76458780093145
73.79764900365727,40.976148667927085,367.0118828085877
74.65272300831147,41.0096604318298,373.3688541015541
75.51770453120363,41.04298324020011,379.8374472646443
76.39270836814956,41.07611802665737,386.419642842702
77.27785064507337,41.10906572148809,393.117456980576
78.1732488334205,41.141827251630566,399.93294207515316
79.07902176574653,41.17440354065993,406.86818743964295
79.99528965148937,41.20679550877404,413.925319980395
80.9221740929215,41.23900407277978,421.1065048864533
81.85979810128968,41.27103014608007,428.4139463321374
82.80828611313912,41.30287463866143,435.84988819286497
83.76776400682924,41.3345384570821,443.41661477451663
84.73835911923837,41.366022504460744,451.1164515565672
85.72020026266452,41.39732768046572,458.95176594929666
86.71341774191932,41.42845488130482,466.924968065314
87.71814337162279,41.45940499971567,475.0385115057199
88.73451049369565,41.49017892495651,483.29489416115257
89.76265399505725,41.520777542797596,491.69665902805525
90.80271032552551,41.55120173551306,500.2463950404194
91.85481751592738,41.58145238187327,508.9467379173576
92.91911519641606,41.61153035713765,517.8003710267708
93.99574461500346,41.641436533048086,526.8100262654767
95.08484865630437,41.67117177782261,535.9784849560773
96.18657186050095,41.700736956149726,545.3085787609476
97.30106044252375,41.730132929183085,554.8031906136341
98.42846231145816,41.759360554536656,564.465255668061
99.56892709017255,41.78842068628024,574.2977622658468
100.72260613517703,41.817314174935554,584.3037529221448
101.8896525567091,41.846041867472564,594.4863253303226
103.07022123905521,41.87460460730641,604.8486333859117
104.26446886110466,41.903003234294545,615.393888230157
105.47255391714471,41.931238584734416,626.1253593136137
106.69463673789355,41.95931149136146,637.0463754801372
107.9308795117802,41.9872227833475,648.1603260717312
109.18144630646762,42.01497328629946,659.4706620546146
110.44650309062861,42.04256382225856,670.9808971669931
111.72621775597057,42.06999520969974,682.6946090889091
113.02076013951898,42.097268263531525,694.6154406346807
114.33030204615551,42.12438379509617,706.7471009683156
115.65501727142082,42.15134261217021,719.0933668424332
116.99508162457799,42.17814551896523,731.6580838610988
118.35067295194689,42.20479331612911,744.4451677671257
119.72197116050509,42.23128680074744,757.4586057542652
121.1091582417661,42.25762676634533,770.7024578048643
122.51241829593035,42.28381400288951,784.1808580534312
123.93193755632005,42.309849296790695,797.8980161767109
125.36790441409306,42.3357334309063,811.8582188107326
126.82050944324718,42.361467184543386,826.0658309954537
128.2899454259101,42.38705133346188,840.5252976474846
129.77640737792655,42.41248664987815,855.241145061547
131.2800925747376,42.43777390246873,870.2179824411684
132.80120057756426,42.46291385637445,885.4605034592942
134.33993325989016,42.487907273204655,900.9734878493456
135.8964948342541,42.51275491104183,916.761803027417
137.47109187935285,42.53745752444639,932.8304057462176
139.0639333674552,42.56201586446168,949.1843437813845
140.67523069213803,42.586430678619344,965.8287576509038
142.3051976963389,42.610702710944764,982.7688823682223
143.95405070073858,42.63483270196285,1000.010049229849
145.62200853246776,42.65882138870397,1017.5576876380514
147.3092925541508,42.68266950471014,1035.4173269594694
149.01612669328156,42.70637778004144,1053.5945984202915
150.74273747194428,42.72994694128257,1072.0952370388472
152.48935403687386,42.75337771154965,1090.9250835962862
154.2562081898697,42.77667081049731,1110.09008664624
156.0435344185565,42.799826954325724,1129.5963045641618
157.8515699275069,42.82284685578815,1149.4499076372838
159.68055466971938,42.8457312241984,1169.6571801959176
161.53073137846619,42.86848076543863,1190.2245227870726
163.40234559950508,42.89109618196727,1211.1584543911613
165.29564572366937,42.9135781728271,1232.465614682798
167.21088301983053,42.93592743365353,1254.1527663365023
169.14831166824783,42.958144656683075,1276.226797378352
171.10818879429922,42.98023053076187,1298.694723584438
173.0907745026084,43.00218574135453,1321.563690927212
175.09633191156163,43.02401097055296,1344.84097807061
177.1251271882304,43.045706897085495,1368.5339989151016
179.17742958369277,43.06727419632607,1392.65030519358
181.2535114687699,43.088713540303566,1417.1975891192958
183.35364837017073,43.11002559771134,1442.1836860867948
185.47811900706148,43.131211033916834,1467.6165774271062
187.62720532805264,43.15227051097133,1493.5043932181943
189.8011925486209,43.17320468761985,1519.8554151519752
192.0003691889583,43.194014219311214,1546.678079458947
194.22502711226628,43.214699758208155,1573.9809798918056
196.475461563487,43.235261953197586,1601.772870769136
198.75197120848998,43.255701449901025,1630.0626700806101
201.05485817370626,43.276018890685044,1658.859462654838
203.38442808622816,43.29621491467195,1688.1725033913556
205.74099011436735,43.31629015775046,1718.0112205579633
208.12485700868933,43.336245252586586,1748.3852191549508
210.53634514351663,43.356080828634525,1779.304284347484
212.97577455891985,43.37579751214774,1810.7783849677626
215.44346900318823,43.3953959261901,1842.8176770882703
217.93975597579922,43.414876690647084,1875.4325076678097
220.4649667708791,43.43424042223717,1908.6334182717017
223.01943652117407,43.453487734523215,1942.4311488679114
225.6035042425238,43.472619237924,1976.8366417005502
228.21751287885738,43.49163553972583,2011.861045242595
230.86180934770343,43.51053724409418,2047.5157182293349
233.53674458623482,43.529324952085545,2083.812233774474
236.24267359783954,43.547999261659236,2120.762383570472
238.97995549923868,43.566560767689325,2158.3781821751354
241.74895356814264,43.58501006197666,2196.671871386108
244.5500352914673,43.60334773326094,2235.6559247053738
247.3835724141011,43.62157436723285,2275.3430518954974
250.24994098824502,43.63969054654635,2315.7462036298
253.1495214233162,43.65769685083088,2356.878576238287
256.08269853643804,43.675593856703806,2398.753616551617
259.049861603507,43.693382137782756,2441.3850268450155
262.0514044108591,43.7110622646982,2484.786769884529
265.0877253075276,43.728634805105905,2528.973074077611
268.15922725811333,43.74610032369962,2573.9584387305326
271.26631789626043,43.76345938222371,2619.7576394147245
274.40940957875915,43.78071253948584,2666.3857334446316
277.5889194402675,43.79786035136981,2713.858065469295
280.8052694486757,43.81490337084837,2762.190273180381
284.05888646110355,43.83184214799603,2811.3982931389414
287.3502022805523,43.848677230002075,2861.4983667237166
290.6796537132131,43.865409161183486,2912.507046203555
294.04768262643347,43.88203848299799,2964.4412009365738
297.4547360073645,43.898565734057094,3017.318023699063
300.9012660222776,43.91499145013922,3071.1550371466915
304.38773007657875,43.931316164202826,3125.9701004112253
307.91459087550794,43.94754040639963,3181.781415835423
311.48231648555185,43.963664704087805,3238.607535849456
315.09138039655824,43.97968958184527,3296.4673699916584
318.74226158458026,43.99561556148299,3355.380192077105
322.4354445754382,44.01144316205829,3415.365647516939
326.17141950902874,44.02717289988826,3476.4437607921227
329.9506822043682,44.04280528856312,3538.6349430846717
333.77373422540063,44.05834083895971,3601.960000070202
337.6410829475571,44.07378005925488,3666.4401398750006
341.5532416250976,44.08912345493905,3732.096981201629
345.5107294592218,44.104371528829695,3798.952561626418
349.5140716669803,44.1195247810849,3867.0293460730386
353.5637995509731,44.13458370921693,3936.3502354656816
357.66045056986695,44.14954880810585,4006.9385755662183
361.80456840971834,44.164420570013085,4078.8181659990287
365.9967030561344,44.17919948459514,4152.013269468081
370.2374108672582,44.193886038917185,4226.548621170128
374.5272546476119,44.208480717466806,4302.449438408819
378.86680372278295,44.222984002167635,4379.741430413742
383.25663401498804,44.23739637239314,4458.450808369446
387.6973281195006,44.25171830498031,4538.60429565867
392.18947538197557,44.26595027424341,4620.229138324994
396.7336719766586,44.280092751987766,4703.3531157594025
401.330520985513,44.29414620752354,4788.004551616185
405.9806324782513,44.3081111076795,4874.21232496288
410.68462359330726,44.32198791681685,4962.00588166995
415.44311861973233,44.33577709684301,5051.415246045096
420.25674908005493,44.34947910722549,5142.471032718188
425.126153814086,44.36309440500566,5235.204458781926
430.0519790637092,44.37662344481265,5329.647356194504
435.03487855863995,44.390066678877155,5425.832184449623
440.075513603192,44.40342455704532,5523.792043520425
445.17455316403516,44.41669752679256,5623.560687082941
450.3326739589842,44.42988603323746,5725.172536025921
455.55056054680205,44.44299051915563,5828.662692252936
460.8289054180582,44.45601142499356,5934.066952783893
466.16840908702505,44.46894918888252,6041.421824162176
471.56978018465395,44.481804246652395,6150.764537174853
477.0337355526134,44.494577031845594,6262.133061892473
482.56100033843205,44.50726797573089,6375.566123036245
488.15230809172914,44.51987750731731,6491.103215679407
493.8084008615746,44.53240605336799,6608.784621290962
499.5300292949626,44.54485403841404,6728.651424128912
505.31795273644116,44.55722188476839,6850.745527991536
511.1729393288801,44.56951001253969,6975.109673334173
517.0957661154237,44.5817188396461,7101.787454760489
523.0872191426068,44.593848781829145,7230.823338896016
529.148093564684,44.60590025266758,7362.262682653347
535.279193749149,44.61787366359117,7496.151751897178
541.4813333834952,44.62976942389453,7632.5377405190075
547.7553355831952,44.64158794075091,7771.468789930069
554.1020330009492,44.65332961922601,7912.99400898274
560.5222679371811,44.66499486229174,8057.163494329462
567.016892451834,44.676584070840015,8204.02835122987
573.5867684774408,44.688097643696445,8353.640714815552
580.2327679335259,44.699535977634156,8506.053771823721
586.9557728423126,44.71089946738745,8661.321782809615
593.7566754457847,44.722188505665535,8819.500104849283
600.636378324103,44.733403483166214,8980.64521474363
607.5957945153835,44.74454478858953,9144.814732734907
614.6358476368803,44.75561280865146,9312.067446748044
621.757472007553,44.76660792809752,9482.46333716794
628.9616127720755,44.77753052971636,9656.0636021659
636.2492260262595,44.78838099435336,9832.930683586796
643.621278943954,44.799159700924214,10013.128293410808
651.078749905392,44.80986702642845,10196.721440801814
658.6226286270469,44.82050334596293,10383.776459756984
666.2539162929723,44.831069032735385,10574.36103737022
673.973625687684,44.84156445807781,10768.544242724596
681.7827813305611,44.851989991459966,10966.396556427166
689.6824196118254,44.86234600050274,11167.9899008019
697.6735889300749,44.87263285099152,11373.397670754792
705.7573498314329,44.88285090688958,11582.694765327655
713.9347751502866,44.893000530351316,11795.95761995526
722.2069501516798,44.90308208173562,12013.264239443159
730.574972675332,44.91309591961904,12234.694231681526
739.0399532813492,44.923042400809045,12460.328842113146
747.6030153976003,44.93292188035716,12690.25098897164
756.2652954688245,44.94273471157215,12924.54529930892
765.0279431074417,44.952481246033045,13163.298145828643
773.8921212461358,44.96216183360229,13406.597684545664
782.8590062921804,44.971776822438684,13654.533893288983
791.9297882835781,44.9813265590104,13907.198611069081
801.105671046983,44.99081138810789,14164.685578328088
810.3878723574798,45.00023165285684,14427.090478094544
819.7776241001869,45.00958769473091,14694.510978062137
829.2761724337593,45.01887985356464,14967.04677361515
838.8847779557586,45.02810846756612,15244.799631820966
848.6047158699668,45.037273873329745,15527.873436413409
858.4372761556106,45.04637640584885,15816.374233788205
868.3837637385745,45.055416398528315,16110.410280035489
878.4454986645706,45.06439418319712,16410.092089031656
888.6238162743407,45.07331009012085,16715.53248161661
898.9200673808631,45.082164448014105,17026.846635879796
909.3356184486388,45.090957584052944,17344.15213858228
919.871851775027,45.09968982388716,17667.56903773937
930.5301656737117,45.108361491652616,17997.219896392297
941.3119746602633,45.11697290998338,18333.22984759469
952.2187096398804,45.125524400023984,18675.726650643548
963.2518180972776,45.1340162814414,19024.840748581795
974.4127642888027,45.14244887243715,19380.705327003507
985.7030294367501,45.15082248975925,19743.45637419006
997.1241119259562,45.15913744871411,20113.232742609853
1008.6775275026417,45.16739406317837,20490.176211811176
1020.3648094755896,45.17559264561064,20874.43155274238
1032.1875089196208,45.18373350706324,21266.146593530262
1044.1471948814622,45.191816957193765,21665.47228675259
1056.2454545879648,45.199843304276705,22072.562778236945
1068.4838936567699,45.20781285521489,22487.575477423623
1080.8641363093802,45.21572591555087,22910.671129326216
1093.3878255867357,45.2235827894783,23342.013888129393
1106.0566235672527,45.231383779853154,23781.77139245924
1118.8722115874223,45.239129188204906,24230.114842367188
1131.8362904649318,45.246819314747604,24687.21907806489
1144.9505807244066,45.254454458390946,25153.262660452918
1158.2168228257297,45.26203491675112,25628.427953482227
1171.6367773950462,45.26956098616173,26112.90120839348
1185.212225458405,45.277032961684505,26606.872649874913
1198.9449686781466,45.284451137119994,27110.53656418596
1212.8368295919925,45.291815805018146,27624.091389289366
1226.8896518549311,45.29912725668883,28147.739807040438
1241.1053004839057,45.3063857822122,28681.68883748037
1255.485662105311,45.313591670449064,29226.149935281068
1270.0326452053973,45.320745209051054,29781.339088393972
1284.7481803835346,45.3278466844708,30347.47691895066
1299.6342206084514,45.33489638197192,30924.788786470668
1314.6927414774025,45.34189458563901,31513.504893426678
1329.9257414783806,45.34884157838745,32113.86039322489
1345.3352422553235,45.35573764197312,32726.095500653188
1360.9232888764382,45.362583057002105,33350.45560485771
1376.69195010559,45.36937810294019,33987.191384902806
1392.6433186768793,45.37612305812229,34636.55892797779
1408.7795115723566,45.38281819976181,35298.81985030814
1425.1026703029993,45.389463803959856,35974.241420837534
1441.6149611928995,45.39606014571435,36663.096687741076
1458.3185756667906,45.402607498929065,37365.664607839135
1475.2157305408568,45.40910613642252,38082.23017897501
1492.308668316963,45.41555632993676,38813.08457542928
1509.599657480242,45.421958350146056,39558.52528643674
1527.0909928001824,45.428312466665496,40318.856257882326
1544.7849956351515,45.434618948059395,41094.38803724514
1562.6840142405003,45.44087806184971,41885.4379218704
1580.7904240801859,45.447090074524205,42692.33011064168
1599.1066281420558,45.453255251544626,43515.39585913706
1617.6350572567353,45.45937385735467,44354.9736383451
1636.3781704202586,45.46544615538787,45211.409297027734
1655.3384551203899,45.47147240807537,46085.056227810106
1674.5184276667746,45.477452876853555,46976.27553708819
1693.9206335248646,45.4833878221716,47885.43621883797
1713.5476476537658,45.489277503498855,48812.91533242146
1733.4020748479466,45.49512217933215,49759.09818447721
1753.4865500829592,45.50092210720292,50724.378514994925
1773.803738865113,45.5066775436843,51709.15868766612
1794.356337585254,45.51238874439797,52713.849884614996
1815.1470738765868,45.51805596402101,53738.872305605786
1836.178706976702,45.523679456292534,54784.65537183585
1857.454028093737,45.529259474020236,55851.63793441489
1878.9758607768413,45.53479626908679,56940.268487645044
1900.7470612908728,45.54029009245619,58051.00538720684
1922.7705189954959,45.545741194179826,59184.31707337091
1945.049156728613,45.551149823402625,60340.682299345906
1967.585931194298,45.55651622836887,61520.5903648876
1990.3838333551632,45.56184065642801,62724.54135528496
2013.4458888293373,45.56712335404033,63953.04638585439
2036.7751582919755,45.57236456678247,65206.627852062804
2060.3747378814905,45.57756453935278,66485.81968541723
2084.2477596104213,45.58272351557663,67791.16761524719
2108.397391781133,45.587841738411555,69123.2294365242
2132.826839406261,45.592919449952205,70482.57528385008
2157.5393446340995,45.597956891435295,71869.78791176555
2182.538187178847,45.60295430324432,73285.46298151728
2207.8266847559066,45.607911924914156,74730.20935444107
2233.4081935221648,45.61282999513563,76204.64939210693
2259.286108521433,45.61770875175979,77709.41926339017
2285.4638641349884,45.62254843180224,79245.16925862161
2311.9449345374005,45.627349271447166,80812.5641109888
2338.732834157571,45.63211150605139,82412.28332534827
2365.8311181451845,45.63683537014815,84045.02151462884
2393.2433828424964,45.641521097450905,85711.48874399366
2420.9732662616534,45.646168920856894,87412.41088294925
2449.024448567476,45.65077907245063,89148.5299655773
2477.4006525659106,45.65535178350724,90920.6045590864
2506.1056441980572,45.65988728449571,92729.4101408671
2535.1432330400094,45.66438580508198,94575.7394842576
2564.5172728084044,45.66884757413191,96460.403053212
2594.2316618718837,45.67327281971417,98384.22940608546
2624.2903437684786,45.67766176910297,100348.0656087449
2654.697307728941,45.68201464878064,102352.77765721761
2685.4565892062137,45.68633168444018,104399.25091010777
2716.5722704109544,45.69061310098761,106488.39053099659
2748.0484808533456,45.69485912254424,108621.12194106878
2779.889397891099,45.69906997244879,110798.39128219117
2812.0992472838984,45.70324587325946,113021.16589069762
2844.682303754173,45.70738704675582,115290.4347821164
2877.6428915544625,45.71149371394059,117607.20914710601
2910.985385041264,45.715566095041396,119972.52285884749
2944.7142092556196,45.71960440951225,122387.4329921708
2978.8338405103373,45.72360887603512,124853.02035467535
3013.348806984112,45.72757971252122,127370.39003013542
3048.2636893224326,45.73151713611229,129940.67193446249
3083.5831212455514,45.73542136318175,132565.02138452916
3119.311790163397,45.73929260933574,135244.61968013938
3155.454437797712,45.74313108941406,137980.6746994638
3192.0158608113006,45.746937017491,140774.42150823845
3229.0009114446666,45.75071060687614,143627.12298306104
3266.414498159925,45.754452070114915,146540.0704490962
3304.2615862922817,45.75816161898924,149514.58433254022
3342.5471987089513,45.76183946451792,152552.01482817138
3381.276416475822,45.765485816957046,155653.74258235254
3420.454379531731,45.76910088580025,158821.17939182755
3460.0862873706683,45.77268487977891,162055.76891869566
3500.1773997317673,45.77623800686222,165358.9874219208
3540.7330372974084,45.77976047425727,168732.344505779
3581.7585823992954,45.783252488408905,172177.3838856172
3623.259479732826,45.78671425499962,175695.68417134465
3665.241237079626,45.79014597894935,179288.85966904965
3707.709426038573,45.7935478644151,182958.56120118155
3750.669682765169,45.79692011479068,186706.47694570856
3794.127708719602,45.80026293270615,190534.33329471335
3838.0892714233537,45.80357652002734,194443.8957328557
3882.560205224695,45.8068610778553,198436.96973618565
3927.5464120729293,45.810116806525585,202515.40169175726
3973.0538623017296,45.81334390560757,206681.07983854818
4019.088595421428,45.81654257390368,210935.9352301575
4065.6567209206114,45.819713009448535,215281.9427198103
4112.764419076875,45.82285540950805,219721.12196816292
4160.417941777105,45.8259699705785,224255.53847446362
4208.623613347124,45.82905688838549,228887.30463158508
4257.387831391097,45.832116357882946,233618.58080550912
4306.717067640514,45.83514857325196,238451.57643980533
4356.617868813157,45.838153727899694,243388.55118571114
4407.096857481872,45.84113201445812,248431.81605837957
4458.160732953557,45.84408362478283,253583.73461993173
4509.8162721581875,45.847008749951776,258846.72418990728
4562.070330548285,45.84990758026392,264223.25708377856
4614.929843008661,45.85278030523789,269715.86188015
4668.401824776861,45.855627113610645,275327.12471734174
4722.493372374107,45.85844819333599,281059.6906200057
4777.211664547191,45.86124373158322,286916.264856506
4832.563963221121,45.8640139147356,292899.61432774586
4888.557614462969,45.8667589283889,299012.568988203
4945.200049456714,45.86947895734986,305258.0232998902
5002.498785489558,45.87217418563473,311638.9377200391
5060.461426949499,45.87484479646763,318158.3402232567
5119.095666334622,45.87749097227908,324819.3278589901
5178.409285273932,45.880112894704354,331625.06834508525
5238.410155560169,45.882710744581956,338578.801698314
5299.106240194426,45.88528470195199,345683.84190269135
5360.50559444305,45.88783494605458,352943.57861650066
5422.616366906607,45.890361655328284,360361.4789188865
5485.446800601366,45.892865007408446,367941.08909696736
5549.005234053295,45.89534517912565,375686.036474398
5613.30010240463,45.89780234650407,383600.03128232906
5678.339938533434,45.90023668475993,391686.86857378593
5744.133374185946,45.90264836829985,399950.4301824322
5810.689141122229,45.905037570719315,408394.68672679353
5878.0160722749115,45.90740446480109,417023.69966095535
5946.123102921549,45.909749222513646,425841.62337285944
6015.01927187036,45.91207201500965,434852.7073312581
6084.713722659916,45.9143730126244,444061.29828250874
6155.215704772522,45.916652384874354,453471.842498314
6226.534574861857,45.918910300455586,463088.88807564555
6298.679797994645,45.92114692724239,472917.08729001245
6371.660948906903,45.923362432285764,482961.1990033658
6445.487713274553,45.925556981812036,493226.0911278589
6520.169888998958,45.92773074122145,503716.7431468148
6595.7173875071385,45.92988387508681,514438.248694175
6672.140235067276,45.932016547152124,525395.8181938493
6749.4485741192375,45.93412892033134,536594.7815602979
6827.652664620733,45.93622115670704,548040.590961832
6906.762885408861,45.9382934175292,559738.8236480299
6986.789735577636,45.940345863214034,571695.1848428219
7067.743835871265,45.942378653342764,583915.5107047058
7149.635930093791,45.94439194666056,596405.7713557249
7232.47688653484,45.946385901075416,609172.073980735
7316.277699412114,45.948360673657135,622220.6659986669
7401.049490330376,45.95031642063629,635557.9383073887
7486.803509757568,45.9522532974033,649190.4286039526
7573.551138517789,45.95417145850752,663124.8247819032
7661.303889301825,45.95607105765635,677367.9684075182
7750.07340819493,45.95795224771445,691926.8582767408
7839.871476222555,45.95981518070295,706808.6540547556
7930.71001091374,45.96166000779873,722020.6800000574
8022.6010678828725,45.96348687933375,737570.4287750538
8115.556842429517,45.96529594479446,753465.5653451337
8209.589671157042,45.9670873528212,769713.9309683475
8304.712033609738,45.9688612512077,786323.5472777165
8400.936553929168,45.97061778690061,803302.6204584187
8498.276002529445,45.972357105999144,820659.5455219641
8596.743297792189,45.974079353754654,838402.9106797145
8696.351507780852,45.975784674570406,856541.5018179581
8797.11385197518,45.9774732120013,875084.3070770052
8899.04370302549,45.979145108753734,894040.5215366195
9002.15458852757,45.980800506685426,913419.552010371
9106.46019281783,45.982439546805416,933231.0219513269
9211.97435878958,45.984062369274,953484.7764717937
9318.71108973002,45.98566911340284,974190.8874796433
9426.684551178854,45.98725991765505,995359.6589340547
9535.909072808092,45.98883491964539,1017001.6322233322
9646.39915032398,45.990394256140476,1039127.5916677626
9758.169447390625,45.991938063059095,1061748.5701502953
9871.234797576251,45.99346647547257,1084875.8548781516
9985.610206321666,45.994979627605176,1108520.9932782748
10101.31085293186,45.996477652834585,1132695.7990298728
10218.35209259037,45.99796068369249,1157412.358237109
10336.749458397306,45.99942885186512,1182683.035745339
10456.518663430643,46.00088228819394,1208520.481604095
10577.67560283176,46.00232112267641,1234937.6376803766
10700.23635591478,46.00374548446674,1261947.744425602
10824.217188300714,46.00515550187672,1289564.3477999417
10949.634554075967,46.00655130237669,1317801.3063575518
11076.505097976216,46.00793301259647,1346672.7984966012
11204.84565759526,46.009300758326404,1376193.3298777791
11334.673265619678,46.010654664518476,1406377.7410153311
11466.005152089394,46.01199485528744,1437241.2150445897
11598.85874668419,46.01332145391205,1468799.285670046
11733.251681037073,46.01463458283635,1501067.8452983182
11869.20179107406,46.015934363671,1534063.1533601293
12006.727119381461,46.01722091719467,1567801.844825892
12145.845917600209,46.01849436335551,1602300.9389192148
12286.576648848308,46.01975482127267,1637577.8480331243
12428.937990170969,46.02100240923787,1673650.386853539
12572.948835019528,46.02223724471704,1710536.7816950066
12718.628295758686,46.023459444352,1748255.6800534541
12865.995706203206,46.02466912396223,1786826.1603812017
13015.070624183583,46.02586639854667,1826267.7420892084
13165.872834141876,46.02705138228558,1866600.3957820598
13318.422349757171,46.028224188542474,1907844.5537308839
13472.73941660192,46.02938492986606,1950021.1205899771
13628.844514828603,46.03053371799235,1993151.4843625675
13786.758361887963,46.03167066384665,2037257.5276217666
13946.5019152783,46.03279587754574,2082361.6389923955
14108.096375327066,46.033909468400104,2128486.724900026
14271.563188004233,46.03501154491612,2175656.2215931844
14436.924047768714,46.03610221479836,2223894.1074453527
14604.200900447313,46.037181584952,2273224.915543012
14773.415946147496,46.038249761485126,2323673.7465666607
14944.591642203426,46.03930684971127,2375266.2819713494
15117.75070615663,46.040352954151814,2428028.7974739964
15292.916118770712,46.04138817853864,2481988.176854334
15470.111127081476,46.042412625816645,2537171.926077083
15649.359247481912,46.04342639814641,2593608.187742543
15830.68426884341,46.04442959690687,2651325.7558735344
16014.11025567265,46.04542232269809,2710354.0910462444
16199.661551305566,46.046404675343965,2770723.335873265
16387.362781137814,46.04737675389511,2832464.3308467325
16577.238855893178,46.04833865663168,2895608.6305502686
16769.314974929337,46.04929048106629,2960188.52024798
16963.61662958245,46.05023232394697,3026237.032859639
17160.16960654997,46.05116428126012,3093787.9663306866
17358.999991313187,46.052086448233574,3162875.9014066267
17560.134171598875,46.05299891933962,3233536.2198208296
17763.59884088163,46.05390178829816,3305805.122905791
17969.42100192619,46.05479514807979,3379719.6506372816
18177.627970371384,46.05567909090901,3455317.7011219007
18388.247378355052,46.05655370826743,3532638.0505379275
18601.307178181505,46.05741909089701,3611720.37354046
18816.835646030926,46.05827532880333,3692605.2641412225
19034.86138571234,46.05912251125894,3775334.2570745344
19255.413332459433,46.059960726806665,3859949.8496603114
19478.52075677104,46.06079006326298,3946495.524176153
19704.213268295407,46.06161060772144,4035015.7707498693
19932.52081976018,46.06242244655611,4125556.1107850852
20163.473710947237,46.06322566542501,4218163.120931826
20397.10259271425,46.064020349273626,4312884.457615286
20633.43847106218,46.064806582338406,4409768.882135269
20872.512711250547,46.06558444815034,4508866.286350108
21114.357041959738,46.06635402953847,4610227.718958162
21359.00355950222,46.06711540863357,4713905.412391342
21606.484732081826,46.06786866687166,4819952.810334349
21856.833404103145,46.06861388499773,4928424.595884817
22110.082800530075,46.06935114306936,5039376.720368636
22366.266531295645,46.07008052046041,5152866.43282639
22625.41859576218,46.07080209586472,5268952.31018587
22887.573387233886,46.071515947299844,5387694.288137298
23152.76569752102,46.07222215211077,5509153.692727002
23421.03072155742,46.07292078697368,5633393.272686798
23692.404062071542,46.07361192789976,5760477.232516
23966.921734311116,46.07429565023893,5890471.266333366
24244.62017082331,46.07497202868371,6023442.592517498
24525.536226289445,46.07564113727298,6159459.989153301
24809.707182416594,46.07630304939588,6298593.830304113
25097.170752884966,46.07695783779561,6440916.123127861
25387.96508835351,46.07760557457328,6586500.545857804
25682.128781522646,46.078246331191835,6735422.486667115
25979.7008722565,46.078880178479885,6887759.083438756
26280.72085276365,46.07950718663561,7043589.264460871
26585.228672838755,46.08012742523068,7202993.790070147
26893.264745164055,46.08074096321413,7366055.2952643195
27204.869950673154,46.08134786891631,7532858.333307298
27520.08564397609,46.081948210052786,7703489.420349148
27838.953658848146,46.08254205372826,7878037.081085469
28161.516313781365,46.08312946644054,8056591.895479459
28487.816417601287,46.08371051408446,8239246.546572376
28817.89727514785,46.0842852619558,8426095.869406762
29151.802693023055,46.08485377475531,8617236.901089381
29489.57698540427,46.08541611659255,8812768.932019372
29831.264979925858,46.08597235098994,9012793.558309818
30176.91202362798,46.08652254088668,9217414.735429473
30526.563988975307,46.0870667486427,9426738.833094157
30880.267279944474,46.08760503604259,9640874.691435812
31238.068838183073,46.08813746429964,9859933.678480137
31600.016149239014,46.08866409405971,10084029.74896212
31966.15724886304,46.089184985405225,10313279.50451182
32336.540729383287,46.089700197859116,10547802.25524111
32711.215746154714,46.09020979038879,10787720.08276528
33090.23202408222,46.090713821410034,11033157.904691609
33473.639864220415,46.09121234879101,11284243.540610466
33861.49015044874,46.09170542985616,11541107.779622512
34253.8343562251,46.09219312139015,11803884.449439254
34650.72455141658,46.0926754796418,12072710.487092143
35052.213409210424,46.09315256032799,12347726.011289157
35458.354213104,46.09362441863761,12629074.396455742
35869.20086397689,46.094091109235464,12916902.348500967
36284.80788724373,46.09455268626615,13211359.98234738
36705.23044009112,46.09500920335797,13512600.901267383
37130.524318797245,46.095460713626814,13820782.27806655
37560.745966137394,46.09590726968007,14136064.938158512
37995.95247887423,46.09634892362044,14458613.444573933
38436.20161533589,46.09678572704984,14788596.18495017
38881.55180308085,46.09721773107325,15126185.46054622
39332.06214665267,46.09764498630253,15471557.577331768
39787.79243542343,46.09806754286027,15824892.939196875
40248.80315152932,46.09848545038363,16186376.143333713
40715.15547789686,46.098898758028085,16556196.077838782
41186.9113063634,46.0993075144713,16934546.02158957
41664.133245890465,46.099711767916844,17321623.746446487
42146.88463087352,46.10011156609802,17717631.621836346
42635.22952954675,46.100506956281585,18122776.721770816
43129.23275248646,46.10089798527151,18537270.93435862
43628.95986121179,46.10128469941271,18961331.073867567
44134.47717688637,46.10166714459476,19395178.995397914
44645.85178911938,46.102045366255616,19839041.71222562
45163.151564870066,46.1024194093853,20293151.515880216
45686.445157453985,46.102789318529545,20757746.099018365
46215.80201565501,46.10315513779349,21233068.681160912
46751.292392941505,46.10351691084533,21719368.13735751
47292.9873567907,46.10387468091991,22216899.129849665
47840.958798119675,46.10422849082238,22725922.24279941
48395.2794408271,46.104578382931756,23246704.12015775
48956.0228514441,46.10492439920453,23779517.60674337
49523.26344889788,46.105266581178235,24324641.89260858
50097.07651438856,46.10560496997497,24882362.66076821
50677.538201379364,46.10593960630495,25452972.23836895
51264.72554570414,46.106270530470034,26036769.751381535
51858.716475790316,46.10659778236719,26634061.282894988
52459.589823001996,46.106921401491995,27245160.035099976
53067.4253321012,46.107241426942096,27870386.49504396
53682.30367183203,46.10755789742067,28510068.604249444
54304.30644562572,46.10787085123979,29164541.93228178
54933.5162024315,46.10818032632393,29834149.85436227
55570.016447671194,46.10848636021328,30519243.733117044
56213.89165432249,46.108788990067126,31220183.104561843
56865.22727412886,46.109088252667235,31937335.868417684
57524.10974894118,46.109384184421174,32671078.482862104
58190.6265221889,46.10967682136562,33421796.163815457
58864.866050486045,46.10996619916964,34189883.08887192
59546.91781536976,46.110252353138016,34975742.605979405
60236.87233517673,46.110535318214446,35779787.4469831
60934.82117705544,46.11081512898484,36602439.94614186
61640.856969119355,46.11109181968049,37444132.26373756
62355.07341273912,46.11136542418128,38305306.61489167
63077.5652949791,46.11163597601891,39186415.50371506
63808.42850117597,46.11190350837998,40087921.96291033
64547.76002766521,46.1121680541092,41010299.79895901
65295.657994652865,46.11242964571246,41954033.843018346
66052.2216592386,46.11268831535997,42919620.207666084
66817.55142858751,46.1129440948893,43907566.549624264
67591.74887325677,46.1131970158085,44918392.33860671
68374.91674067435,46.11344710929906,45952629.1324272
69167.15896877633,46.11369440621899,47010820.8585204
69968.58069979982,46.11393893710582,48093524.10201843
70779.288294238,46.114180732179534,49201308.40054256
71599.38934495463,46.11441982134558,50334756.54585978
72428.99269146437,46.11465623419777,51494464.892570935
73268.20843437618,46.11489000002123,52681043.6739876
74117.14795000649,46.115121147795264,53895117.32537182
74975.9239051593,46.115349706196284,55137324.81470373
75844.65027207995,46.11557570360061,56408319.9811592
76723.44234357966,46.11579916808735,57708771.881470166
77612.41674833786,46.116020127441175,59039365.1443585
78511.69146637921,46.11623860915518,60400800.333224386
79421.38584473271,46.116454640433595,61793794.31728899
80341.62061326936,46.11666824819458,63219080.651380435
81272.51790072619,46.11687945907295,64677409.96457297
82214.20125091323,46.11708829942287,66169550.357877195
83166.79563911089,46.11729479532059,67696287.81120041
84130.42748865469,46.117498972567105,69258426.59978506
85105.2246877149,46.11770085669078,70856789.72035454
86091.31660626775,46.11790047295004,72492219.32718372
87088.83411326617,46.11809784633592,74165577.17833465
88097.90959400665,46.11829300157472,75877745.09228507
89118.67696770004,46.118485963130546,77629625.41520104
90151.27170524331,46.11867675520786,79422141.49909292
91195.83084719986,46.118865401754036,81256238.19111697
92252.49302198544,46.11905192646185,83132882.33427346
93321.39846426765,46.119236352772006,85053063.27977632
94402.68903357566,46.11941870387557,87017793.41135618
95496.50823312854,46.11959900271646,89028108.68178552
96603.00122887874,46.11977727199387,91085069.16189994
97722.31486877934,46.119953534164665,93189759.60241775
98854.59770227136,46.12012781144581,95343290.00884485
100000.0,46.12030012581673,97546796.22978152
