z,score
2.2,0.11260374071907396
2.20025,0.11364931776955499
2.2005000000000003,0.11894552825584982
2.20075,0.14335281459727262
2.201,0.16776010093851906
2.2012500000000004,0.19943764235687148
2.2015000000000002,0.22959097100583808
2.20175,0.2611462787075272
2.202,0.2915228474139421
2.2022500000000003,0.3017886786747922
2.2025,0.30119901082335493
2.20275,0.29531606466865395
2.2030000000000003,0.28687156064871355
2.20325,0.27675736212930035
2.2035,0.25915302315335437
2.2037500000000003,0.23547404277345732
2.204,0.19530079885198012
2.20425,0.15477250164530856
2.2045000000000003,0.1144058705466643
2.20475,0.07718596548550334
2.205,0.05282775232921799
2.2052500000000004,0.04777787975553304
2.2055000000000002,0.06267603230648812
2.20575,0.08617407901142086
2.206,0.11568633443547924
2.2062500000000003,0.16004168414616762
2.2065,0.2106675489866704
2.20675,0.24986007349538283
2.2070000000000003,0.2762746191462008
2.20725,0.2752049118614193
2.2075,0.2768646144367115
2.2077500000000003,0.2823175782997502
2.208,0.2993540444834886
2.20825,0.321525858724193
2.2085000000000004,0.3472510139017454
2.20875,0.37671766139727736
2.209,0.405527736622263
2.2092500000000004,0.431353549909454
2.2095000000000002,0.4446370957905973
2.20975,0.448229537669691
2.21,0.44915955805827074
2.2102500000000003,0.45076391268528027
2.2105,0.4549240220642929
2.21075,0.4492582164140635
2.2110000000000003,0.440989925155817
2.21125,0.42537304729832986
2.2115,0.4145084969832339
2.2117500000000003,0.41246217586563855
2.212,0.4080861997715484
2.21225,0.40435912520704703
2.2125000000000004,0.40100384097392366
2.21275,0.4112576490009982
2.213,0.42675877784238864
2.2132500000000004,0.418031395012651
2.2135000000000002,0.40344408395785936
2.21375,0.3885664492939466
2.214,0.38120268262930057
2.2142500000000003,0.3697741049684026
2.2145,0.35034202628978883
2.21475,0.3368784079328712
2.2150000000000003,0.3307726739282474
2.21525,0.35331670775649104
2.2155,0.3826379444092595
2.2157500000000003,0.41195918106202023
2.216,0.43870100150273367
2.21625,0.4653896777638882
2.2165000000000004,0.49255680960005443
2.21675,0.510666311943685
2.217,0.5067538396839526
2.2172500000000004,0.5013968098404331
2.2175000000000002,0.49054422789092633
2.21775,0.47665992153413145
2.218,0.465853811869616
2.2182500000000003,0.4576756582451685
2.2185,0.45444522207497023
2.21875,0.4507096706460563
2.2190000000000003,0.44738567000004376
2.21925,0.4441416098345643
2.2195,0.43911191832122287
2.2197500000000003,0.41726671909426893
2.22,0.392127368375079
2.22025,0.35952202407555306
2.2205000000000004,0.326916679775946
2.2207500000000002,0.30558252504825434
2.221,0.28234251324959514
2.2212500000000004,0.2778586969779219
2.2215000000000003,0.28427351181381194
2.22175,0.30632169213963784
2.222,0.3288737294666726
2.2222500000000003,0.352781198867623
2.2225,0.3904558637286637
2.22275,0.42797760839564153
2.2230000000000003,0.4555862783511313
2.22325,0.4697223668623813
2.2235,0.46749912921321163
2.2237500000000003,0.4628176802197956
2.224,0.4479151559247942
2.22425,0.42633500894642634
2.2245000000000004,0.41210280616423844
2.2247500000000002,0.397088246505533
2.225,0.39114871379444444
2.22525,0.38520918108330865
2.2255000000000003,0.37694866928994514
2.22575,0.37132399956943424
2.226,0.35944815935217345
2.2262500000000003,0.32978183553178836
2.2265,0.3131243244618359
2.22675,0.2972325739148637
2.2270000000000003,0.2774921926307591
2.22725,0.25469739763396154
2.2275,0.23063845420768714
2.2277500000000003,0.2059834263122524
2.228,0.19282099946427594
2.22825,0.1931751397301892
2.2285000000000004,0.19248530172958234
2.2287500000000002,0.1894752311941423
2.229,0.194438612347733
2.22925,0.20256813720033498
2.2295000000000003,0.21679054363757422
2.22975,0.21935391659205725
2.23,0.21104469971994616
2.2302500000000003,0.21103591195548035
2.2305,0.2039298438522245
2.23075,0.18686331103656917
2.2310000000000003,0.16561197783247678
2.23125,0.14450160276417348
2.2315,0.160925432407518
2.2317500000000003,0.16846255571509297
2.232,0.17142970105340494
2.23225,0.18233913353646575
2.2325000000000004,0.20203274658977527
2.2327500000000002,0.21983322086886237
2.233,0.22217350774190467
2.23325,0.22267004476101207
2.2335000000000003,0.23183751134315758
2.23375,0.2411414909090461
2.234,0.25062749529671585
2.2342500000000003,0.25422678700462714
2.2345,0.2468020496378456
2.23475,0.2516868814030992
2.2350000000000003,0.273350007401383
2.23525,0.29501313339963675
2.2355,0.32015656351581745
2.2357500000000003,0.33732197375313205
2.236,0.35709440711069995
2.23625,0.3529552914902634
2.2365000000000004,0.3418326683932163
2.2367500000000002,0.332453740120482
2.237,0.31759882567474196
2.23725,0.2963810561380441
2.2375000000000003,0.28725401062308487
2.23775,0.2813218487956928
2.238,0.27302247082533987
2.2382500000000003,0.2619885606167892
2.2385,0.2509546504082539
2.23875,0.2584487771714339
2.2390000000000003,0.26327881727151387
2.23925,0.2673443579562993
2.2395,0.2777090776238237
2.2397500000000004,0.27497597123015194
2.24,0.27224286483648064
2.24025,0.2657362235599302
2.2405,0.255163950455325
2.2407500000000002,0.24527359436263843
2.241,0.2336922431580585
2.24125,0.20131861478224722
2.2415000000000003,0.16245792020252953
2.24175,0.12359722562276178
2.242,0.09121843780316631
2.2422500000000003,0.051785523245081115
2.2425,0.011247194339055782
2.24275,-0.004584269036570401
2.2430000000000003,-0.008211536114485607
2.24325,-0.011838803192453092
2.2435,-0.023428459223453917
2.2437500000000004,-0.052043077308031316
2.244,-0.08095129913172633
2.24425,-0.10724134932709753
2.2445000000000004,-0.11506008502122542
2.2447500000000002,-0.12287882071539874
2.245,-0.1307079122315972
2.24525,-0.13639048912733306
2.2455000000000003,-0.12190906716655109
2.24575,-0.10500648233850003
2.246,-0.10566970809790414
2.2462500000000003,-0.10907222341205111
2.2465,-0.11247473872617855
2.24675,-0.11364268591369574
2.2470000000000003,-0.11163148673992968
2.24725,-0.11214923430883983
2.2475,-0.10871272773160247
2.2477500000000004,-0.09985501510016413
2.248,-0.09099730246873348
2.24825,-0.08226880415558362
2.2485,-0.07572654420832596
2.2487500000000002,-0.06049251117819498
2.249,-0.04534746018023142
2.24925,-0.047796033556325696
2.2495000000000003,-0.051348017964728467
2.24975,-0.05490000237306293
2.25,-0.0526570878896848
2.2502500000000003,-0.05109225373206166
2.2505,-0.05449541100958007
2.25075,-0.08323861532127047
2.2510000000000003,-0.12598198110636497
2.25125,-0.1687253468915103
2.2515,-0.21131743182423202
2.2517500000000004,-0.24493218419871288
2.2520000000000002,-0.2928525163745624
2.25225,-0.33588154556006816
2.2525,-0.37208708026537557
2.2527500000000003,-0.408256744571005
2.253,-0.44442640887662416
2.25325,-0.49187175555979484
2.2535000000000003,-0.5355146589685843
2.25375,-0.5704589814239127
2.254,-0.5921138447017281
2.2542500000000003,-0.6021988756142584
2.2545,-0.6122839065267371
2.25475,-0.6183088166349902
2.2550000000000003,-0.6180805468101377
2.25525,-0.6195292025553463
2.2555,-0.6202349712010137
2.2557500000000004,-0.6006903213417083
2.2560000000000002,-0.5811456714824663
2.25625,-0.5620861478777845
2.2565,-0.5533279153474564
2.2567500000000003,-0.5446459502826715
2.257,-0.5359301274361536
2.25725,-0.5316030022984604
2.2575000000000003,-0.5302414217760462
2.25775,-0.5288798412536418
2.258,-0.5263468439420826
2.2582500000000003,-0.5241315392115136
2.2585,-0.5023918838181669
2.25875,-0.473826808265596
2.2590000000000003,-0.43306252164645054
2.25925,-0.39229823502737254
2.2595,-0.3543778447251954
2.2597500000000004,-0.31984707392275613
2.2600000000000002,-0.302046178392122
2.26025,-0.2959247547648822
2.2605,-0.29883302485219093
2.2607500000000003,-0.3073071767795559
2.261,-0.31661387570499944
2.26125,-0.3300685708038284
2.2615000000000003,-0.33638047759098383
2.26175,-0.34054186255822166
2.262,-0.3414380324072733
2.2622500000000003,-0.3608366513763657
2.2625,-0.3802352703453732
2.26275,-0.40939800049664826
2.2630000000000003,-0.4348227706433955
2.26325,-0.4536207324553449
2.2635,-0.477979564911035
2.26375,-0.4851957655216451
2.2640000000000002,-0.4825225736336319
2.26425,-0.4727424808687276
2.2645,-0.4565783441198779
2.2647500000000003,-0.45344792479288426
2.265,-0.46485080319041366
2.26525,-0.47631070557422645
2.2655000000000003,-0.49001789431704623
2.26575,-0.5044685060647752
2.266,-0.5218893036151969
2.2662500000000003,-0.535405223406896
2.2665,-0.5462618154672727
2.26675,-0.55987329976763
2.2670000000000003,-0.5707169080759354
2.26725,-0.5803056235194081
2.2675,-0.5775289218285827
2.2677500000000004,-0.5743204394973987
2.2680000000000002,-0.5820614166971257
2.26825,-0.5999464771514023
2.2685,-0.610768716134517
2.2687500000000003,-0.5956918409657617
2.269,-0.5716017791148745
2.26925,-0.540950177583129
2.2695000000000003,-0.5162271748907842
2.26975,-0.4872332048612541
2.27,-0.45966764213000044
2.2702500000000003,-0.45583206162494
2.2705,-0.4635427698114191
2.27075,-0.480013963343716
2.2710000000000004,-0.4939578177225646
2.27125,-0.4881457257064348
2.2715,-0.47438977489650463
2.27175,-0.4624502166496123
2.2720000000000002,-0.45546769541518634
2.27225,-0.45583442125287377
2.2725,-0.4565182269659827
2.2727500000000003,-0.45455076686554624
2.273,-0.4439269050871788
2.27325,-0.43330304330881075
2.2735000000000003,-0.41619115854002126
2.27375,-0.3945185445782102
2.274,-0.37128973969251583
2.2742500000000003,-0.34764019764474774
2.2745,-0.32333992678332096
2.27475,-0.3007621507557025
2.2750000000000004,-0.2906714519275009
2.27525,-0.3112037492625664
2.2755,-0.3398656509117346
2.27575,-0.3685275525609342
2.2760000000000002,-0.3778748502634151
2.27625,-0.37834375019397737
2.2765,-0.378812650124589
2.2767500000000003,-0.3737082509650008
2.277,-0.3604613784308574
2.27725,-0.3472145058966075
2.2775000000000003,-0.3407806003455033
2.27775,-0.34304545193077274
2.278,-0.34425361162172574
2.2782500000000003,-0.35073215196200686
2.2785,-0.3661935441702002
2.27875,-0.3817254422259011
2.2790000000000004,-0.397257340281648
2.27925,-0.4187973724695246
2.2795,-0.43739783554256445
2.27975,-0.45599829861560554
2.2800000000000002,-0.4500789397819038
2.28025,-0.43972747530230705
2.2805,-0.42937601082270405
2.2807500000000003,-0.4153286459610544
2.281,-0.4064255960922019
2.28125,-0.3975225462233362
2.2815000000000003,-0.38624544476090894
2.28175,-0.37313707885256986
2.282,-0.3600287129442309
2.2822500000000003,-0.35047693521672757
2.2825,-0.3750291466834839
2.28275,-0.4125105758481486
2.2830000000000004,-0.4476843141566445
2.2832500000000002,-0.467629221364298
2.2835,-0.4890595012394271
2.28375,-0.5104897811145562
2.2840000000000003,-0.5235942327308555
2.28425,-0.5316852032437291
2.2845,-0.5397761737566039
2.2847500000000003,-0.5585867222670187
2.285,-0.5819026105548485
2.28525,-0.6052184988426597
2.2855000000000003,-0.6286950710859905
2.28575,-0.6399562397464491
2.286,-0.6428877955090712
2.2862500000000003,-0.6472228666646931
2.2865,-0.6587324191461139
2.28675,-0.6702419716275301
2.287,-0.6807394274056638
2.2872500000000002,-0.6844238366283545
2.2875,-0.6768300078797396
2.28775,-0.6692361791311372
2.2880000000000003,-0.652319528097191
2.28825,-0.6303402467210844
2.2885,-0.6083609653449816
2.2887500000000003,-0.5881059893144704
2.289,-0.5782157768033063
2.28925,-0.5722396458135135
2.2895000000000003,-0.5551774335093516
2.28975,-0.5222593462209484
2.29,-0.4893412589326316
2.2902500000000003,-0.4611532441491211
2.2905,-0.43146592478837664
2.29075,-0.399952542645726
2.291,-0.36806971985167086
2.2912500000000002,-0.3449895623109365
2.2915,-0.32552558001891085
2.29175,-0.3032671898839119
2.2920000000000003,-0.2759033611740073
2.29225,-0.26883725335750885
2.2925,-0.2636910502905556
2.2927500000000003,-0.2712894081355954
2.293,-0.30117253420155465
2.29325,-0.33119826857096873
2.2935000000000003,-0.36658870371844676
2.29375,-0.4052476619630158
2.294,-0.44860666961035556
2.2942500000000003,-0.4876938762259747
2.2945,-0.5206526647030334
2.29475,-0.5526754653286505
2.295,-0.5864933720295792
2.2952500000000002,-0.6207988888583927
2.2955,-0.6323485963392245
2.29575,-0.6470662747432203
2.2960000000000003,-0.659177904253465
2.29625,-0.6450156810686548
2.2965,-0.6247726915218869
2.2967500000000003,-0.5945581283460359
2.297,-0.5743576102890934
2.29725,-0.5656563587532331
2.2975000000000003,-0.5641813538324675
2.29775,-0.5574651332686338
2.298,-0.5496879029447795
2.2982500000000003,-0.5404585537604205
2.2985,-0.5308562002281235
2.29875,-0.5021235786868451
2.299,-0.4650478709947147
2.2992500000000002,-0.4331976818002919
2.2995,-0.4165244516852599
2.29975,-0.40376861048241397
2.3000000000000003,-0.3924386613602666
2.30025,-0.36954430981449665
2.3005,-0.33481648625555976
2.3007500000000003,-0.29454059491533574
2.301,-0.2603269411016523
2.30125,-0.22399589190970506
2.3015000000000003,-0.1835981376322494
2.30175,-0.14166160808266762
2.302,-0.08857697713884242
2.30225,-0.03874594576868528
2.3025,0.003893591806518292
2.30275,0.03560946662913804
2.303,0.05475919642431044
2.3032500000000002,0.07390892621948492
2.3035,0.09772474666410626
2.30375,0.12114151556271081
2.3040000000000003,0.14313434861996643
2.30425,0.15618209589504284
2.3045,0.16327412932688073
2.3047500000000003,0.16865720381770025
2.305,0.16741829333673255
2.30525,0.1398991601122277
2.3055000000000003,0.10744139886950561
2.30575,0.08624767065523621
2.306,0.08262532911499723
2.3062500000000004,0.0857391725727191
2.3065,0.08885301603044804
2.30675,0.04908416768958294
2.307,-0.017415372045037566
2.3072500000000002,-0.0841514026447142
2.3075,-0.1871653740135956
2.30775,-0.28227039968636014
2.3080000000000003,-0.37737542535926044
2.30825,-0.4658956631172775
2.3085,-0.5247624949670285
2.3087500000000003,-0.5802362873452802
2.309,-0.6162392108664123
2.30925,-0.6380225840147308
2.3095000000000003,-0.6605287387501929
2.30975,-0.6830348934856546
2.31,-0.679962272830754
2.31025,-0.672393739760164
2.3105,-0.6619031521071779
2.31075,-0.609741332985171
2.311,-0.5607439273888594
2.3112500000000002,-0.511746521792423
2.3115,-0.4609988926393442
2.31175,-0.41158310171455936
2.3120000000000003,-0.36216731078961334
2.31225,-0.3048973526620165
2.3125,-0.24890493053271856
2.3127500000000003,-0.19291250840328547
2.313,-0.13692008627401223
2.31325,-0.057325406210144834
2.3135000000000003,0.0262215438350146
2.31375,0.10838612841657166
2.314,0.1681150274934323
2.31425,0.2253263146102158
2.3145000000000002,0.2825376017271324
2.31475,0.327158733876807
2.315,0.34913423545405087
2.3152500000000003,0.37110973703129047
2.3155,0.37439003959195677
2.31575,0.37178530817029065
2.3160000000000003,0.36918057674862087
2.31625,0.3608900841390125
2.3165,0.3100966102259652
2.3167500000000003,0.26421768881712104
2.317,0.20860173405095359
2.31725,0.10545359039091626
2.3175000000000003,0.0023054467305630285
2.31775,-0.10084269692951976
2.318,-0.17750145154555072
2.31825,-0.22863098982729654
2.3185000000000002,-0.2797605281092212
2.31875,-0.31111590459076116
2.319,-0.33333033631286024
2.3192500000000003,-0.3555447680350373
2.3195,-0.38040911819967427
2.31975,-0.3967750774844892
2.3200000000000003,-0.4112237280675834
2.32025,-0.4173611876653535
2.3205,-0.390205469090968
2.3207500000000003,-0.3630497505164434
2.321,-0.3337445321422257
2.32125,-0.3007149482807726
2.3215000000000003,-0.27127550374484355
2.32175,-0.24212932251259375
2.322,-0.20621029811483715
2.32225,-0.16772158469618198
2.3225000000000002,-0.1289288145165448
2.32275,-0.08536411655894328
2.323,-0.05991118534177457
2.3232500000000003,-0.03949615278516997
2.3235,-0.01997218860700634
2.32375,0.01945007914493943
2.3240000000000003,0.05887234689701823
2.32425,0.1026212439295186
2.3245,0.151591249469698
2.3247500000000003,0.18253180427380308
2.325,0.21861545148604364
2.32525,0.23909893768819976
2.3255,0.2549715969621162
2.32575,0.26857592698964516
2.326,0.27427207569437834
2.32625,0.28158730455207676
2.3265000000000002,0.2907786528092795
2.32675,0.2722648641990314
2.327,0.2071723108618833
2.3272500000000003,0.14349601511425522
2.3275,0.08373845532390042
2.32775,0.049103462234557034
2.3280000000000003,0.031196700957705097
2.32825,0.018772445023125056
2.3285,0.033438914402162
2.3287500000000003,0.05227299219735929
2.329,0.06027037050927765
2.32925,0.06102726991388035
2.3295000000000003,0.05695390402077628
2.32975,0.05739933623674486
2.33,0.06368948730685253
2.33025,0.07526658337975173
2.3305000000000002,0.08967515379872106
2.33075,0.10562023587440904
2.331,0.13062764252367842
2.3312500000000003,0.16628611644224034
2.3315,0.2061765817937901
2.33175,0.24826724310895626
2.3320000000000003,0.28490818770909065
2.33225,0.310545122742326
2.3325,0.32941113858672705
2.3327500000000003,0.33345518674047514
2.333,0.3306690642258484
2.33325,0.3251433785672958
2.3335,0.31681749511794494
2.33375,0.3174346062007236
2.334,0.31698753408556146
2.33425,0.29437660188977965
2.3345000000000002,0.25512825379563425
2.33475,0.21709693152502504
2.335,0.1986182006872755
2.3352500000000003,0.18550599131249673
2.3355,0.17428380738513052
2.33575,0.14830844930983572
2.3360000000000003,0.12053853810649642
2.33625,0.0885559341209693
2.3365,0.04626952393811228
2.3367500000000003,-0.0023462167727687703
2.337,-0.04555431810722575
2.33725,-0.08380935680565162
2.3375000000000004,-0.0977382491438209
2.33775,-0.10539589108647815
2.338,-0.11206854295237918
2.33825,-0.0888655116246104
2.3385000000000002,-0.06432423674958482
2.33875,-0.039782961874619174
2.339,-0.020551632545413336
2.3392500000000003,-0.015687640629716802
2.3395,-0.01394675336661513
2.33975,-0.024445988160019843
2.3400000000000003,-0.04920656732129569
2.34025,-0.07516128679896422
2.3405,-0.09353103991071836
2.34075,-0.08884788981433726
2.341,-0.0809084582759152
2.34125,-0.07235133705316366
2.3415,-0.06719450423308594
2.34175,-0.07246176299026934
2.342,-0.07772902174746904
2.34225,-0.056719248295536116
2.3425000000000002,-0.016571444067445977
2.34275,0.02439286041693419
2.343,0.0566124532250116
2.3432500000000003,0.09264481769800606
2.3435,0.12867718217088547
2.34375,0.15588359976177216
2.3440000000000003,0.17227532990072272
2.34425,0.18486258731599958
2.3445,0.19489637471625454
2.3447500000000003,0.18861400908826648
2.345,0.18215543945069393
2.34525,0.17569686981309904
2.3455,0.15614335077474356
2.3457500000000002,0.14907202620075835
2.346,0.14289239833881348
2.34625,0.11646720467271329
2.3465000000000003,0.08075657827709748
2.34675,0.045045951881645376
2.347,0.012324626025990704
2.3472500000000003,-0.024923720848009746
2.3475,-0.06758764983705798
2.34775,-0.10025395116755541
2.3480000000000003,-0.09513598753106499
2.34825,-0.09001802389458342
2.3485,-0.08541990735010074
2.34875,-0.12194796371096002
2.349,-0.1580524785310236
2.34925,-0.19403482760221705
2.3495,-0.25079501529267234
2.3497500000000002,-0.3111559480702512
2.35,-0.3715168808476805
2.35025,-0.4164906162697631
2.3505000000000003,-0.4532320752590301
2.35075,-0.49419284916145445
2.351,-0.5250443996352777
2.3512500000000003,-0.5269913774158446
2.3515,-0.5289383551964153
2.35175,-0.5312458434056787
2.3520000000000003,-0.53502052548319
2.35225,-0.5466581037286896
2.3525,-0.556980773654845
2.3527500000000003,-0.5303904306756493
2.353,-0.4944298739050916
2.35325,-0.4584693171343848
2.3535,-0.41508837652120056
2.3537500000000002,-0.3767831969277776
2.354,-0.34592148916480997
2.35425,-0.32736259030617504
2.3545000000000003,-0.3317462777092174
2.35475,-0.33612996511226484
2.355,-0.3360683370879398
2.3552500000000003,-0.3346747754966803
2.3555,-0.3161011936815326
2.35575,-0.29170790062322255
2.3560000000000003,-0.28288320509141013
2.35625,-0.2774577519805682
2.3565,-0.27567662020618167
2.35675,-0.29480591800270933
2.357,-0.3196233439727972
2.35725,-0.34915147333271146
2.3575,-0.37787958217479983
2.3577500000000002,-0.39881900262870257
2.358,-0.41975842308255124
2.35825,-0.43550306464741323
2.3585000000000003,-0.43970368381311015
2.35875,-0.42782375587132426
2.359,-0.421512868503807
2.3592500000000003,-0.44593745389376016
2.3595,-0.4738670554152116
2.35975,-0.4991557084611453
2.3600000000000003,-0.5321172272936046
2.36025,-0.5557249904340775
2.3605,-0.5693560606938511
2.36075,-0.5738224907775509
2.361,-0.5664702978405094
2.36125,-0.5596662461806095
2.3615,-0.5562488768741323
2.3617500000000002,-0.5568295331364496
2.362,-0.5706630352844053
2.36225,-0.5837398941243521
2.3625000000000003,-0.5974827260310936
2.36275,-0.6112573524360062
2.363,-0.6170720361682186
2.3632500000000003,-0.5924281979291312
2.3635,-0.5714632173443285
2.36375,-0.5511103951410022
2.364,-0.526488693758579
2.36425,-0.4973078452315948
2.3645,-0.47221560333842016
2.36475,-0.4477838037464364
2.365,-0.4213294842519763
2.36525,-0.3597762949766027
2.3655,-0.293324661483073
2.3657500000000002,-0.23165284504179187
2.366,-0.17198486285302012
2.36625,-0.11705328651393726
2.3665000000000003,-0.07197473922286102
2.36675,-0.038110795541613104
2.367,-0.011706206006455035
2.3672500000000003,0.004095394401774731
2.3675,0.010888148773577754
2.36775,0.019359935857645297
2.3680000000000003,0.03602285829164177
2.36825,0.05401858269360888
2.3685,0.06412205273006716
2.36875,0.07574744681987904
2.369,0.10822187685457706
2.36925,0.14168269637364064
2.3695,0.1713728089238651
2.3697500000000002,0.17833373855535756
2.37,0.16136110644840032
2.37025,0.14258567269201813
2.3705000000000003,0.11462884168965821
2.37075,0.08194289060271683
2.371,0.05183994552657738
2.3712500000000003,0.01174528904534801
2.3715,-0.009886859315467946
2.37175,-0.014991555782542744
2.372,-0.020996417954467824
2.37225,-0.03181504244970565
2.3725,-0.009076881713966426
2.37275,0.01969223045819495
2.373,0.11553271024070304
2.37325,0.31623235820233886
2.3735,0.5162081153306081
2.3737500000000002,0.7454906067372036
2.374,0.9879129144342841
2.37425,1.2294098829996405
2.3745000000000003,1.485500349151029
2.37475,1.7887989103188644
2.375,2.0848821758912406
2.3752500000000003,2.381751662372726
2.3755,2.6737526943603473
2.37575,2.9530631617054044
2.3760000000000003,3.229954081900736
2.37625,3.429760798864247
2.3765,3.605686259089449
2.37675,3.784684230274643
2.3770000000000002,3.9511609149478435
2.37725,4.089872878237607
2.3775,4.2285848415270175
2.3777500000000003,4.281582005613233
2.378,4.216418894025839
2.37825,4.145792835987599
2.3785000000000003,4.079774112819677
2.37875,4.054804706232953
2.379,4.038494234788182
2.3792500000000003,4.002471386189696
2.3795,3.8321991077465705
2.37975,3.659612310763288
2.38,3.4861395739750054
2.38025,3.350307656829392
2.3805,3.293927059602151
2.38075,3.2375129840740504
2.3810000000000002,3.142338075586056
2.38125,3.0488892845427733
2.3815,2.9708077148245096
2.3817500000000003,2.8917737014096923
2.382,2.839270467305926
2.38225,2.7867672332021596
2.3825000000000003,2.8477763038619908
2.38275,3.029806415915518
2.383,3.213284174724785
2.3832500000000003,3.397242408455131
2.3835,3.5274994276559353
2.38375,3.641782728230559
2.384,3.776454287585263
2.38425,4.020772409940238
2.3845,4.263313329807004
2.38475,4.500933787636667
2.3850000000000002,4.658459376927049
2.38525,4.730789193826634
2.3855,4.803119010725807
2.3857500000000003,4.865220740588806
2.386,4.924314497889892
2.38625,4.990121144287684
2.3865000000000003,5.037939501494559
2.38675,4.961014365456718
2.387,4.882957335252188
2.38725,4.756195396614426
2.3875,4.58455764438543
2.38775,4.4078707051073
2.388,4.218998460874273
2.38825,4.01199694119545
2.3885,3.7928200868113184
2.38875,3.5600117119841785
2.3890000000000002,3.2816723631067095
2.38925,3.002645918281623
2.3895,2.716313839392632
2.3897500000000003,2.525950763488041
2.39,2.4082516087291994
2.39025,2.2891016496598433
2.3905000000000003,2.1226302740899987
2.39075,1.9389061544048283
2.391,1.7600412695323129
2.3912500000000003,1.6129163606689243
2.3915,1.543516042045932
2.39175,1.4529100284794425
2.392,1.3698426817178413
2.39225,1.306457347535806
2.3925,1.2458010097198735
2.39275,1.1945432147328177
2.3930000000000002,1.1383163638811933
2.39325,1.1379807789226124
2.3935,1.1580280636806446
2.3937500000000003,1.2182739780870346
2.394,1.2722154469090106
2.39425,1.3998188866833332
2.3945000000000003,1.3460584365536803
2.39475,1.2693334205453817
2.395,1.1985559423393712
2.39525,1.1489329854690924
2.3955,1.1074963816255985
2.39575,1.0665279447618716
2.396,1.0115765839271658
2.39625,0.9257616113467078
2.3965,0.8458163334377055
2.39675,0.7621022424450727
2.3970000000000002,0.6811097127909563
2.39725,0.6045318336492865
2.3975,0.524788249405227
2.3977500000000003,0.41046111494713844
2.398,0.2883847820876231
2.39825,0.16703089729110426
2.3985000000000003,0.062274126622313346
2.39875,-0.03046450555146094
2.399,-0.12320313772517073
2.3992500000000003,-0.22271225583759557
2.3995,-0.3201811980119389
2.39975,-0.4203126491348581
2.4,-0.5217633203251097
2.40025,-0.6277311111758591
2.4005,-0.7316828142068894
2.40075,-0.7982631867520374
2.4010000000000002,-0.817933196781352
2.40125,-0.8513552598659551
2.4015,-0.895771948272003
2.4017500000000003,-0.9389367172889802
2.402,-0.9766152719126611
2.40225,-1.0142938265363315
2.4025000000000003,-1.0270185710832611
2.40275,-1.0277837478015563
2.403,-1.0092498076233494
2.40325,-0.9893672961519413
2.4035,-0.9832627251367749
2.40375,-0.979768355562093
2.404,-0.9806514062547099
2.40425,-0.9850224437868048
2.4045,-0.9967091718742624
2.40475,-1.012892521503413
2.4050000000000002,-1.0387308520575727
2.40525,-1.0607116488190274
2.4055,-1.079904034917075
2.4057500000000003,-1.095457750125447
2.406,-1.1082941660350734
2.40625,-1.1204956454112902
2.4065000000000003,-1.1341804475578046
2.40675,-1.1705121213446665
2.407,-1.2156393355147783
2.40725,-1.2655438520556643
2.4075,-1.3161822993201109
2.40775,-1.3594000454124997
2.408,-1.401377426771684
2.4082500000000002,-1.4368295047522635
2.4085,-1.4654617539973276
2.40875,-1.4969790273421681
2.4090000000000003,-1.5304083751075415
2.40925,-1.5287083549885625
2.4095,-1.5154290794071976
2.4097500000000003,-1.5017581621481646
2.41,-1.4786452177096006
2.41025,-1.4546991110102336
2.4105,-1.4248638650307108
2.41075,-1.3907635812605086
2.411,-1.3615499922278347
2.41125,-1.3427417029595587
2.4115,-1.3193868730800273
2.41175,-1.2905406469818181
2.412,-1.25904402529701
2.4122500000000002,-1.2324443639549716
2.4125,-1.1999139785960502
2.41275,-1.1615699519575815
2.4130000000000003,-1.1229263669454612
2.41325,-1.078518183950689
2.4135,-1.0278223255986343
2.4137500000000003,-0.9774459761356352
2.414,-0.9240045462866919
2.41425,-0.8909756498248071
2.4145000000000003,-0.85794675336283
2.41475,-0.8307374952324055
2.415,-0.8075318821505623
2.41525,-0.7865147019487697
2.4155,-0.7713045557300031
2.41575,-0.7617745577817975
2.416,-0.7482500094201849
2.4162500000000002,-0.7417394488632956
2.4165,-0.7573958866565559
2.41675,-0.7692197137084321
2.4170000000000003,-0.7780526390338043
2.41725,-0.7892659778552777
2.4175,-0.8363220782099986
2.4177500000000003,-0.8958751241129789
2.418,-0.9405567031560649
2.41825,-0.9781892057885758
2.4185,-1.0149775024369514
2.41875,-1.0518999931155402
2.419,-1.0704837768407496
2.41925,-1.0817468656535065
2.4195,-1.0936684504052894
2.41975,-1.1133257071499727
2.42,-1.1350677768348416
2.4202500000000002,-1.1535390368272431
2.4205,-1.171980867024719
2.42075,-1.1784544768171614
2.4210000000000003,-1.1849280866096357
2.42125,-1.1864463942038905
2.4215,-1.1843121059768582
2.4217500000000003,-1.1810137838974972
2.422,-1.1719604232052556
2.42225,-1.1498129330695657
2.4225000000000003,-1.1214884565002308
2.42275,-1.087484555279837
2.423,-1.051252027253873
2.42325,-1.016595375799752
2.4235,-0.9776226744226587
2.42375,-0.9356848170976186
2.424,-0.8732388737918251
2.4242500000000002,-0.8040701152338553
2.4245,-0.7561843834096916
2.42475,-0.7099633710855454
2.4250000000000003,-0.668535135242225
2.42525,-0.641071690004034
2.4255,-0.6224331238882983
2.42575,-0.6069893093077667
2.426,-0.5888287740154281
2.42625,-0.5568321902627976
2.4265,-0.524835606510241
2.42675,-0.483754932399268
2.427,-0.20849465410177853
2.42725,-0.23173951860154024
2.4275,-0.2544854289870763
2.42775,-0.27481895138571144
2.428,-0.295803266173794
2.4282500000000002,-0.3237119209896236
2.4285,-0.35138760047335826
2.42875,-0.36022140079861786
2.4290000000000003,-0.3641640771182466
2.42925,-0.3632843826919471
2.4295,-0.36215638839457354
2.4297500000000003,-0.36310830089545204
2.43,-0.36421331729108775
2.43025,-0.367211691347545
2.4305,-0.38007415202201295
2.43075,-0.3905638537222859
2.431,-0.3906001385682449
2.43125,-0.3885021688398373
2.4315,-0.3833012428200897
2.43175,-0.3773774605159157
2.432,-0.36579713517513646
2.4322500000000002,-0.35324678173096685
2.4325,-0.3491664841642423
2.43275,-0.3476571716539069
2.4330000000000003,-0.3517409123288438
2.43325,-0.3631105881272899
2.4335,-0.3614545621427647
2.43375,-0.3473463249513759
2.434,-0.33428077838144293
2.43425,-0.3256206637442375
2.4345,-0.30856031383289373
2.43475,-0.2786827979714697
2.435,-0.2593604659044955
2.43525,-0.2634311520052921
2.4355,-0.26936013820065413
2.43575,-0.2715470888295106
2.436,-0.27330938975659075
2.4362500000000002,-0.27102559152484174
2.4365,-0.2593579086154366
2.43675,-0.254213271987303
2.4370000000000003,-0.251701867513036
2.43725,-0.2558118774154772
2.4375,-0.25984551846613946
2.4377500000000003,-0.2656553427528784
2.438,-0.2737624383385911
2.43825,-0.2825339964762872
2.4385,-0.2836753341604831
2.43875,-0.285114270827936
2.439,-0.28120515781189426
2.43925,-0.28145969529643444
2.4395000000000002,-0.28822173924221084
2.43975,-0.2923246978943076
2.44,-0.3022641506664438
2.4402500000000003,-0.31597677555490783
2.4405,-0.3142675945735342
2.44075,-0.2899527120226724
2.4410000000000003,-0.27068965222606134
2.44125,-0.2496237211568116
2.4415,-0.22386744654889662
2.44175,-0.1836189202522958
2.442,-0.1162645286522401
2.44225,-0.04117857927489736
2.4425,0.0217545025579714
2.44275,0.08153208213599729
2.443,0.1271627824551853
2.44325,0.15485772393681796
2.4435000000000002,0.1799774137800842
2.44375,0.1906732839490563
2.444,0.19902922637172915
2.4442500000000003,0.2119623591473387
2.4445,0.22420001014952967
2.44475,0.23552995702753007
2.4450000000000003,0.23758264811342175
2.44525,0.24064229230486292
2.4455,0.21600992629002871
2.44575,0.1867575002182763
2.446,0.15750507414638346
2.44625,0.13368952016158223
2.4465,0.11744089418690243
2.44675,0.0919140222296175
2.447,0.09722957513240453
2.44725,0.12467542578555191
2.4475000000000002,0.1625134236117485
2.44775,0.19960397974271626
2.448,0.2363112320383436
2.4482500000000003,0.27424124576760534
2.4485,0.35613031010431223
2.44875,0.588125876440773
2.449,0.8213745261004549
2.44925,1.0546418649053086
2.4495,1.2827009417596147
2.44975,1.5067742175875762
2.45,1.7227162239571154
2.45025,1.9849838520956091
2.4505,2.257099722507509
2.45075,2.5228573936865777
2.451,2.785936628981682
2.45125,3.060174976987605
2.4515000000000002,3.4034736388110907
2.45175,3.7045628145895217
2.452,3.9319195802974893
2.4522500000000003,4.159880129741976
2.4525,4.387673286289646
2.45275,4.608489651209643
2.4530000000000003,4.819084758176802
2.45325,5.026301848282303
2.4535,5.016616603769848
2.4537500000000003,4.995842110887629
2.454,4.979369246077767
2.45425,4.963658469045345
2.4545,4.940181771704344
2.45475,4.8927347651000455
2.455,4.767161949352862
2.45525,4.533642437979156
2.4555000000000002,4.300122926604814
2.45575,4.065946417220744
2.456,3.830654595929622
2.45625,3.56087064832297
2.4565,3.2817067334454832
2.45675,2.9779768904192903
2.457,2.6781355028600737
2.45725,2.3852668361551466
2.4575,2.0943256454628467
2.45775,1.8249382979489155
2.458,1.6082717938554354
2.45825,1.5299987018737256
2.4585,1.562612133153434
2.45875,1.5952255644331639
2.459,1.6305915750847202
2.45925,1.69893759963668
2.4595000000000002,2.0218032459620914
2.45975,2.3989007813988565
2.46,2.9184607014929895
2.4602500000000003,3.4561826333896146
2.4605,3.9939045652848457
2.46075,4.530284528819315
2.4610000000000003,5.1025959776178125
2.46125,5.725818218583515
2.4615,6.348431138881747
2.46175,6.967502729092994
2.462,7.586574319305806
2.46225,8.17331874267511
2.4625,8.720637863120299
2.46275,9.088494011862556
2.463,9.416748816394103
2.46325,9.65596731705482
2.4635000000000002,9.891942540880317
2.46375,10.125876466304714
2.464,10.34324995088906
2.46425,10.385852789678532
2.4645,10.219401426596285
2.46475,9.991174589914747
2.465,9.74498489768569
2.46525,9.498795205456013
2.4655,9.256757708578025
2.46575,9.035763919759127
2.466,8.569009981942706
2.46625,8.08084052889606
2.4665,7.55268714295273
2.46675,7.024371741282294
2.467,6.496056339612285
2.46725,6.054373261235695
2.4675000000000002,5.641508226376472
2.46775,5.220793992404652
2.468,4.815250578001744
2.4682500000000003,4.411935499156683
2.4685,4.008533016470803
2.46875,3.6174708577132177
2.4690000000000003,3.279985629592427
2.46925,3.285274886335236
2.4695,3.327831283210381
2.46975,3.4195605555991353
2.47,3.506576368333188
2.47025,3.5923153588610215
2.4705,3.615016636840196
2.4707500000000002,3.7567583548137713
2.471,3.9989422364832414
2.47125,4.276568541626034
2.4715000000000003,4.555689777261831
2.47175,4.834811012897162
2.472,5.068404958149476
2.47225,5.177227643431792
2.4725,5.269388699957897
2.47275,5.3646111760718025
2.473,5.479062917850996
2.47325,5.593514659630621
2.4735,5.707442850590233
2.47375,5.738405804441026
2.474,5.635638820001362
2.47425,5.4735856535565945
2.4745,5.326435184558749
2.4747500000000002,5.17928471556039
2.475,5.008368053710242
2.47525,4.829126950491447
2.4755000000000003,4.623955200489704
2.47575,4.332640482015987
2.476,4.03979828756049
2.4762500000000003,3.745113999779999
2.4765,3.444318863374229
2.47675,3.150863684631208
2.4770000000000003,2.983220566032605
2.47725,2.8025339411746772
2.4775,2.596365612867607
2.47775,2.3837561363564164
2.478,2.171146659845239
2.47825,1.9612472254910558
2.4785,1.7825235476629013
2.4787500000000002,1.6785357569796437
2.479,1.5913004057441429
2.47925,1.502289204046491
2.4795,1.4129146302201228
2.47975,1.3226364225046463
2.48,1.229447352351562
2.48025,1.136291754909624
2.4805,1.1384980944361653
2.48075,1.17604013850578
2.481,1.2172771179065354
2.48125,1.2560795768501034
2.4815,1.2830943921710216
2.48175,1.286952093467014
2.482,1.2569721874508606
2.48225,1.2641136701545401
2.4825,1.2566674271758131
2.4827500000000002,1.242937268972626
2.483,1.2245638975193616
2.48325,1.2064000089455047
2.4835000000000003,1.1439040063470314
2.48375,1.06101415116563
2.484,0.9733740807035047
2.4842500000000003,0.8815890058295344
2.4845,0.7902445349003887
2.48475,0.7000424565204713
2.485,0.5956162331900972
2.48525,0.47335281200381507
2.4855,0.3722836955111812
2.48575,0.29474439773132577
2.486,0.21776015889149666
2.48625,0.13992852694919047
2.4865,0.06164687008189287
2.4867500000000002,-0.00950596227905701
2.487,-0.08069423884273422
2.48725,-0.14239888415380506
2.4875,-0.2001946519348763
2.48775,-0.2606690698803643
2.488,-0.32013565924280135
2.48825,-0.3550267400069299
2.4885,-0.3613491850700325
2.48875,-0.3740299298734597
2.489,-0.38545531799677935
2.48925,-0.3982020320807975
2.4895,-0.41225679348639677
2.48975,-0.4263826675220917
2.49,-0.4187964305166052
2.49025,-0.4028880519178056
2.4905,-0.38331092546362816
2.4907500000000002,-0.3612671505251835
2.491,-0.33930065084194083
2.49125,-0.3137907724727991
2.4915000000000003,-0.27694195945675376
2.49175,-0.24035704503979521
2.492,-0.19845866502661463
2.4922500000000003,-0.16552849159396002
2.4925,-0.1370768933740759
2.49275,-0.1107211625712704
2.493,-0.08932941682849224
2.49325,-0.05832294135115606
2.4935,-0.046043248633324284
2.49375,-0.030626887536044617
2.494,-0.015096860346576318
2.49425,0.005565477585611538
2.4945,0.016408282502411903
2.4947500000000002,0.022174821625530847
2.495,0.02198888938996922
2.49525,0.02190287536014093
2.4955,0.036739172268916986
2.49575,0.19349102703502088
2.496,0.17235564680329446
2.49625,0.141533039973754
2.4965,0.10448377647951199
2.49675,0.07560368274917609
2.497,0.04221396966240162
2.49725,0.007243497749914962
2.4975,-0.027407058208248184
2.49775,-0.05947605330288346
2.498,-0.09267737729590214
2.49825,-0.11546490031573767
2.4985,-0.13012723225938586
2.4987500000000002,-0.13957606972939604
2.499,-0.14345698614756036
2.49925,-0.14954675895388975
2.4995000000000003,-0.15627492361576192
2.49975,-0.16005641230325066
2.5,-0.16260463173896333
2.50025,-0.1577271158105831
2.5005,-0.16289516326025272
2.50075,-0.16491271915349914
2.501,-0.16095554841604237
2.50125,-0.16231374045132466
2.5015,-0.16367997896956699
2.50175,-0.16483726368658477
2.5020000000000002,-0.178814353750685
2.50225,-0.1950450952994275
2.5025,-0.20605344963087682
2.50275,-0.22408397398161284
2.503,-0.24872301936944138
2.50325,-0.2852039459288341
2.5035,-0.3184318142554131
2.50375,-0.35281444176556087
2.504,-0.39678250009846944
2.50425,-0.4363186430918345
2.5045,-0.4680106524690973
2.50475,-0.5019296508784526
2.505,-0.5390850964958321
2.50525,-0.5729793981713243
2.5055,-0.6053013850997241
2.50575,-0.6363579507823617
2.5060000000000002,-0.66713926509743
2.50625,-0.6874854513531008
2.5065,-0.6768758998524548
2.5067500000000003,-0.6780626983148592
2.507,-0.6642025297172904
2.50725,-0.6536818414539715
2.5075000000000003,-0.6431611531905973
2.50775,-0.6322083962167147
2.508,-0.627449423902401
2.50825,-0.6206211049862106
2.5085,-0.6149937769116391
2.50875,-0.6206701200690127
2.509,-0.6424368201682579
2.50925,-0.6682418173660389
2.5095,-0.6900312387312239
2.50975,-0.7127156492251732
2.5100000000000002,-0.7473682184947812
2.51025,-0.7760322809945752
2.5105,-0.8013109906397909
2.51075,-0.8237831358550206
2.511,-0.8480038248630406
2.51125,-0.8552627401946411
2.5115,-0.8424460689960709
2.51175,-0.8186147996622173
2.512,-0.7888290252050909
2.51225,-0.759043250747932
2.5125,-0.7296033898432299
2.51275,-0.7060633810521985
2.513,-0.6856290981314307
2.51325,-0.6628496436144079
2.5135,-0.6550869605446465
2.51375,-0.6473242774748948
2.5140000000000002,-0.6395615944050875
2.51425,-0.624636670474164
2.5145,-0.6011652856735409
2.5147500000000003,-0.575814410605902
2.515,-0.551224599013304
2.51525,-0.525139084782371
2.5155000000000003,-0.48930923842308416
2.51575,-0.45148528706432406
2.516,-0.41884200168497404
2.51625,-0.39916251359880567
2.5165,-0.39467009325767094
2.51675,-0.39476505851484833
2.517,-0.39512323600535415
2.51725,-0.39831355113980005
2.5175,-0.40223828320226956
2.51775,-0.42596920247539666
2.5180000000000002,-0.4491300606444823
2.51825,-0.46669795108494916
2.5185,-0.484265841525419
2.51875,-0.5018337319659175
2.519,-0.5188833642815791
2.51925,-0.5282934888290445
2.5195,-0.5372458553871483
2.51975,-0.5424346458045562
2.52,-0.5514482044193243
2.52025,-0.5604617630340887
2.5205,-0.5694753216489186
2.52075,-0.5818686325927135
2.521,-0.6256878794908498
2.52125,-0.6391904578768938
2.5215,-0.6567606577565693
2.52175,-0.6909795920120705
2.5220000000000002,-0.730607646278585
2.52225,-0.77185354387566
2.5225,-0.7784323586063746
2.5227500000000003,-0.7678187726364483
2.523,-0.7630395729840969
2.52325,-0.7582603733317327
2.5235,-0.7533451277498162
2.52375,-0.7437495194515651
2.524,-0.7260753019228674
2.52425,-0.7001095444183448
2.5245,-0.6629506520602633
2.52475,-0.625852774305871
2.525,-0.5887548965514645
2.52525,-0.551657018796972
2.5255,-0.5170844819066686
2.52575,-0.4765264282936354
2.526,-0.4392443024410986
2.52625,-0.4052011412303792
2.5265,-0.3642108807709144
2.52675,-0.3214833905207493
2.527,-0.27875590027043545
2.52725,-0.2369401972228535
2.5275,-0.21469810290117422
2.52775,-0.18891075577147426
2.528,-0.1552219897771286
2.52825,-0.11001580738812511
2.5285,-0.06472583756099445
2.52875,-0.01964270928911112
2.529,0.017624400883923256
2.52925,0.06470226700842907
2.5295,0.11581789349309271
2.52975,0.1669335199777761
2.5300000000000002,0.21480016446633243
2.53025,0.261856798797412
2.5305,0.3178783434255613
2.5307500000000003,0.3434139182828038
2.531,0.3673431160874166
2.53125,0.39127231389204514
2.5315,0.41520151169665515
2.53175,0.43913070950129335
2.532,0.4642628494399226
2.53225,0.5262926747674993
2.5325,0.5622688399482036
2.53275,0.5958465939345193
2.533,0.6271472214694107
2.5332500000000002,0.6564995592738276
2.5335,0.682921988364623
2.53375,0.7042779497383005
2.534,0.7190243500827259
2.53425,0.7249676471701617
2.5345,0.7126404051216151
2.53475,0.6963393621348175
2.535,0.6805753751517178
2.53525,0.6669456228889077
2.5355,0.661747622417783
2.53575,0.654049636639287
2.536,0.6463516508607915
2.53625,0.6386536650823182
2.5365,0.6253931523624598
2.53675,0.6013345227424683
2.537,0.580360671033925
2.5372500000000002,0.5695471295071616
2.5375,0.5613822884619939
2.53775,0.5532174474168204
2.5380000000000003,0.5450526063717142
2.53825,0.5323376372461733
2.5385,0.5072073310008366
2.5387500000000003,0.4684630487290943
2.539,0.4456082502162481
2.53925,0.4227534517032856
2.5395,0.3986941830882161
2.53975,0.37127752538704845
2.54,0.3421913472360342
2.54025,0.33890475169243495
2.5405,0.35078267882334146
2.54075,0.3743526368879851
2.541,0.4125638927862778
2.5412500000000002,0.45077514868450863
2.5415,0.4967284244126385
2.54175,0.5393309248888544
2.542,0.5808680233762142
2.54225,0.605143540885945
2.5425,0.6294190583957648
2.54275,0.6527118906410204
2.543,0.6765141461560719
2.54325,0.7048853758246414
2.5435,0.7197020813596273
2.54375,0.7095803826260478
2.544,0.6975848966973434
2.54425,0.6851408355808887
2.5445,0.6741965045240739
2.54475,0.6708166803915107
2.545,0.6719339879390892
2.5452500000000002,0.6591544984360044
2.5455,0.6501579233022047
2.54575,0.6411613481684104
2.5460000000000003,0.6320708378243567
2.54625,0.6217296568963068
2.5465,0.6070291901219854
2.54675,0.582138086308562
2.547,0.5665356676557433
2.54725,0.5429411009665832
2.5475,0.5174174276808073
2.54775,0.48746016833511846
2.548,0.4560585705926053
2.54825,0.43818519119148286
2.5485,0.43457170901778214
2.54875,0.4356871387729562
2.549,0.43680256852814725
2.54925,0.43694604344664695
2.5495,0.4323435873943419
2.54975,0.4242225122609619
2.55,0.43879153209693394
2.55025,0.4577110440248887
2.5505,0.47916871104137515
2.55075,0.5030735224140725
2.551,0.5301738358584096
2.55125,0.5574747724621579
2.5515,0.5832625370520315
2.55175,0.5889902129590213
2.552,0.5907173120873745
2.55225,0.5924444112157424
2.5525,0.5959474185607313
2.55275,0.5955550398061898
2.553,0.592569871845034
2.5532500000000002,0.5590890055944141
2.5535,0.5177173772117931
2.55375,0.48259812386239714
2.5540000000000003,0.44538618822704723
2.55425,0.4017488353963326
2.5545,0.35500691287546504
2.55475,0.3053304500764537
2.555,0.2557423922469276
2.55525,0.20710007214204307
2.5555,0.15845775203706627
2.55575,0.10590564922970583
2.556,0.045113906101455374
2.55625,-0.01658537650927216
2.5565,-0.07176675407480496
2.55675,-0.126104062252933
2.557,-0.17881340805305668
2.55725,-0.22891393077661096
2.5575,-0.2788301742734677
2.55775,-0.32601126989516127
2.558,-0.3505745873171037
2.55825,-0.3386146533559486
2.5585,-0.3218100553424197
2.55875,-0.30508344251097624
2.559,-0.2879320905976652
2.55925,-0.26887858069294607
2.5595,-0.2509797752810107
2.55975,-0.2273449093471075
2.56,-0.21029023615882483
2.56025,-0.1964216955431064
2.5605,-0.18343797260975397
2.56075,-0.16352086527087442
2.561,-0.14273850412818415
2.5612500000000002,-0.13498958008194328
2.5615,-0.13475862354382173
2.56175,-0.13310228206318778
2.5620000000000003,-0.12885355840272694
2.56225,-0.10733840797956137
2.5625,-0.08416474898840853
2.56275,-0.061182867036221486
2.563,-0.055478321804778886
2.56325,-0.058018086122687135
2.5635,-0.062299263961446034
2.56375,-0.06200682894504077
2.564,-0.06567862921703417
2.56425,-0.06067595972649161
2.5645,-0.050290686952609354
2.56475,-0.041228216976509934
2.565,-0.032122512396608356
2.56525,-0.019940194920784315
2.5655,-0.016832888541075022
2.56575,-0.0177061950464344
2.566,-0.028922087634438733
2.56625,-0.03185093435870536
2.5665,-0.04822055607384088
2.56675,-0.06326394649659287
2.567,-0.07594382861301689
2.56725,-0.0879044179982006
2.5675,-0.09986500738340172
2.56775,-0.10898896463786438
2.568,-0.12187054863865196
2.56825,-0.13524333167845962
2.5685000000000002,-0.15275017758806236
2.56875,-0.18171611391067222
2.569,-0.21068205023327755
2.5692500000000003,-0.24039209782006374
2.5695,-0.2319389826826213
2.56975,-0.21675068316693955
2.57,-0.19903742616570674
2.57025,-0.17153961242623098
2.5705,-0.1453467502561019
2.57075,-0.12301859771178889
2.571,-0.10936874611731065
2.57125,-0.10554204072045718
2.5715,-0.1060264554808079
2.57175,-0.10881725589064473
2.572,-0.11190863031329733
2.57225,-0.11500000473595752
2.5725,-0.11808070625088696
2.57275,-0.1306727437108161
2.573,-0.15527772792850336
2.57325,-0.18703758152596273
2.5735,-0.22116916710202195
2.57375,-0.25530075267803815
2.574,-0.28943233825406495
2.57425,-0.3335296527355114
2.5745,-0.3844397697327202
2.57475,-0.42133126668183907
2.575,-0.4485205016463617
2.57525,-0.4712404231673867
2.5755,-0.4939603446884609
2.57575,-0.5176579873310543
2.576,-0.536967519513139
2.57625,-0.5573262716375886
2.5765000000000002,-0.5738420080467999
2.57675,-0.5836798855126075
2.577,-0.5864701735747558
2.5772500000000003,-0.5863220001705819
2.5775,-0.5687583112348825
2.57775,-0.543068127845399
2.578,-0.5095677492475609
2.57825,-0.47407993138288956
2.5785,-0.438592113518262
2.57875,-0.40310429565361305
2.579,-0.382807996246697
2.57925,-0.3568156088465439
2.5795,-0.32838740253699766
2.57975,-0.2912960664430677
2.58,-0.25420473034919755
2.58025,-0.21711339425528337
2.5805,-0.18002205816142017
2.58075,-0.12293848968150027
2.581,-0.062119515214367656
2.58125,0.00016751642235179429
2.5815,0.05969167837221966
2.58175,0.11763123478933239
2.582,0.17557079120649927
2.58225,0.22574753413940626
2.5825,0.23911320000175254
2.58275,0.24685393166560804
2.583,0.25270551204191133
2.58325,0.2586165397896967
2.5835,0.26333769772796656
2.58375,0.2658838025538867
2.584,0.24230736434896655
2.58425,0.21554273033229662
2.5845000000000002,0.18445991583269247
2.58475,0.15337710133317564
2.585,0.12229428683363622
2.58525,0.09121147233410862
2.5855,0.058861628039400045
2.58575,0.024471600724489662
2.586,-0.005071359625718354
2.58625,-0.03461431997602979
2.5865,-0.06415728032624862
2.58675,-0.09370024067646168
2.587,-0.12324320102673011
2.58725,-0.13734450567110398
2.5875,-0.14394818166000448
2.5877499999999998,-0.1544666056144912
2.588,-0.16564921146802614
2.58825,-0.17682217785735888
2.5885,-0.18799514424668667
2.58875,-0.19340619825807115
2.589,-0.18571919290702305
2.58925,-0.17463206913836746
2.5895,-0.16354494536966138
2.58975,-0.1603557049068147
2.59,-0.15072110991760254
2.59025,-0.14242575885331843
2.5905,-0.10100838130647469
2.59075,-0.059359264089550993
2.591,-0.017710146872587543
2.59125,0.023938970344367014
2.5915,0.06558808756128744
2.59175,0.10460567678808638
2.592,0.11794678885221718
2.59225,0.1055320330225028
2.5925000000000002,0.09363548422378816
2.59275,0.08173893542514701
2.593,0.06984238662648182
2.59325,0.0579458378278785
2.5935,0.046164024635383646
2.59375,-0.0005797734353204961
2.594,-0.03825698005713757
2.59425,-0.07440820468073855
2.5945,-0.1131074900620849
2.59475,-0.15180677544341215
2.595,-0.19048301824207198
2.59525,-0.22289717855120553
2.5955,-0.25620077434461624
2.59575,-0.28950437013802327
2.596,-0.318451177978479
2.59625,-0.3400948360346375
2.5965,-0.35598410221214
2.59675,-0.3648870602583585
2.597,-0.37080427640605257
2.59725,-0.3762925347088478
2.5975,-0.38178079301162676
2.59775,-0.38726905131439554
2.598,-0.3927573096171839
2.59825,-0.4027470706256655
2.5985,-0.4001969484170757
2.59875,-0.3784651516824064
2.599,-0.3565268249832596
2.59925,-0.33458849828414755
2.5995,-0.31265017158501823
2.5997500000000002,-0.2906334702648553
2.6,-0.26359788396700695
2.60025,-0.2066319748263347
2.6005000000000003,-0.14333501765740694
2.60075,-0.08608177599620397
2.601,-0.038748305656549346
2.60125,0.00858516468305504
2.6015,0.0485189969327674
2.60175,0.08761591802674074
2.602,0.12800767253132217
2.60225,0.1683994270359772
2.6025,0.19907385724799811
2.60275,0.22846609619534614
2.603,0.25558861347321526
2.60325,0.2740618636064573
2.6035,0.26737519728302883
2.60375,0.2606885309596009
2.604,0.2540018646361583
2.60425,0.247315198312726
2.6045,0.2383866637900678
2.60475,0.22846296029234153
2.605,0.20479835203920305
2.60525,0.17372847724729915
2.6055,0.14135999229875015
2.60575,0.1089915073502815
2.606,0.07662302240176028
2.60625,0.0492803565954122
2.6065,0.02997351355639211
2.60675,0.008011478144931227
2.607,-0.013023742361389156
2.60725,-0.030221221220520615
2.6075,-0.04977722074435626
2.6077500000000002,-0.07122201349218572
2.608,-0.08930926249628665
2.60825,-0.09937496067985373
2.6085,-0.10336218742516587
2.60875,-0.11193454012051729
2.609,-0.12761084732078803
2.60925,-0.14259246267505074
2.6095,-0.15435261071536185
2.60975,-0.16841577099652502
2.61,-0.16965360836655344
2.61025,-0.17089144573659706
2.6105,-0.1721292831066107
2.61075,-0.1733671204766124
2.6109999999999998,-0.17804835665132532
2.61125,-0.19025511557057867
2.6115,-0.20898705332301828
2.61175,-0.2258857991599507
2.612,-0.23620902490953158
2.61225,-0.24653225065907738
2.6125,-0.25785658406059997
2.61275,-0.2733729420763522
2.613,-0.28254650069967824
2.61325,-0.2895542004952736
2.6135,-0.29656190029089174
2.61375,-0.3109044364998234
2.614,-0.3284989486504708
2.61425,-0.3349689651622308
2.6145,-0.3375305278043259
2.61475,-0.3412914624975343
2.615,-0.34757979090124697
2.61525,-0.3589781513309238
2.6155,-0.3709255106757532
2.6157500000000002,-0.37285976619216454
2.616,-0.3680380590777272
2.61625,-0.35749707583379653
2.6165,-0.34666776571604635
2.61675,-0.3358384555982654
2.617,-0.32500914548052295
2.61725,-0.3142950454474136
2.6175,-0.301134892356123
2.61775,-0.2853823775477235
2.618,-0.23375109429991547
2.61825,-0.18016332521646916
2.6185,-0.12769715061121556
2.61875,-0.07733374632748001
2.6189999999999998,-0.03927196043926556
2.61925,-0.002661194041436259
2.6195,0.018114934744592637
2.61975,0.028189520650534698
2.62,0.03852170303994971
2.62025,0.04964494843580464
2.6205,0.05451981245177111
2.62075,0.0571441539445182
2.621,0.0539972561853851
2.62125,0.015060763981616635
2.6215,-0.02540029546561303
2.62175,-0.0672860235982067
2.622,-0.10310612550522041
2.62225,-0.14213631877787428
2.6225,-0.18211684259215047
2.62275,-0.21974588961982044
2.623,-0.2596438726858293
2.62325,-0.29954185575173115
2.6235,-0.33609065239677804
2.6237500000000002,-0.35489306041445684
2.624,-0.3723203549044195
2.62425,-0.3834957810453104
2.6245,-0.38053004468797624
2.62475,-0.3788057422364126
2.625,-0.3705895581524644
2.62525,-0.3603954174723938
2.6255,-0.3506958844276129
2.62575,-0.3495096468704476
2.626,-0.36290963040891927
2.62625,-0.3665499506718223
2.6265,-0.37199063307558655
2.62675,-0.38677582582692477
2.627,-0.4079291022533577
2.62725,-0.4366822167990721
2.6275,-0.45142193681481774
2.62775,-0.4497033407403257
2.628,-0.4445611814068612
2.62825,-0.44334048890611155
2.6285,-0.45464746571729625
2.62875,-0.4587365436912821
2.629,-0.4632377657025534
2.62925,-0.4664779689707895
2.6295,-0.4695931778929813
2.62975,-0.4734956309916617
2.63,-0.47204445941438267
2.63025,-0.46274069709172355
2.6305,-0.453436934769009
2.63075,-0.4489464929289848
2.6310000000000002,-0.45998253282156604
2.63125,-0.47115082027665384
2.6315,-0.4735062079518512
2.63175,-0.46825366149898373
2.632,-0.4630011150461391
2.63225,-0.4717639755729616
2.6325,-0.48885774076385125
2.63275,-0.5021505369767398
2.633,-0.516900943408546
2.63325,-0.5280733750693298
2.6335,-0.5392458067300796
2.63375,-0.5440342913871038
2.634,-0.5500808511213816
2.6342499999999998,-0.5233836336883464
2.6345,-0.4692737748941886
2.63475,-0.42267318537707727
2.635,-0.3761287282215299
2.63525,-0.32549808631137417
2.6355,-0.2783008234268669
2.63575,-0.223991943843561
2.636,-0.1623267166423853
2.63625,-0.11317290656826996
2.6365,-0.08814205824041528
2.63675,-0.0643051106272061
2.637,-0.040468163014045766
2.63725,-0.02357619638194007
2.6375,-0.015421348435758177
2.63775,-0.004156539358919159
2.638,0.004490706516302945
2.63825,0.01133476955980485
2.6385,0.01150049824994994
2.63875,0.006042122497598447
2.6390000000000002,0.0184641573388701
2.63925,0.030735592989363788
2.6395,0.057789842339687064
2.63975,0.08615108476356535
2.64,0.1145123271874978
2.64025,0.13760793503472993
2.6405,0.1672953479491675
2.64075,0.1829077062365435
2.641,0.2062495563074256
2.64125,0.23209203231529027
2.6415,0.2598201826762443
2.64175,0.28980932048238006
2.642,0.3220028482581011
2.6422499999999998,0.3577577694218377
2.6425,0.3894794887238126
2.64275,0.41690902038317823
2.643,0.4443385520425211
2.64325,0.4717680837019479
2.6435,0.49779830965669875
2.64375,0.5080841446043117
2.644,0.5165470810691319
2.64425,0.5145679496627037
2.6445,0.5120679128808946
2.64475,0.5070896929645822
2.645,0.5021114730482911
2.64525,0.48394622499046747
2.6455,0.44470802235267326
2.64575,0.3987584880259029
2.646,0.35426094063388824
2.64625,0.30976339324174534
2.6465,0.2652658458496954
2.64675,0.22438193216283173
2.6470000000000002,0.18370285342668627
2.64725,0.15470396970591538
2.6475,0.13116117460011856
2.64775,0.10761837949432929
2.648,0.08219345048675346
2.64825,0.056029841840703774
2.6485,0.026219570586510338
2.64875,0.0017058968566139683
2.649,-0.018920440575635567
2.64925,-0.03843513453250285
2.6494999999999997,-0.0579498284894062
2.64975,-0.07746452244635607
2.65,-0.09015626075979825
2.6502499999999998,-0.08595377772655466
2.6505,-0.08202303738171197
2.65075,-0.07797299487390368
2.651,-0.073922952366082
2.65125,-0.07002953573681044
2.6515,-0.06615721975056459
2.65175,-0.059689618525957125
2.652,-0.04189282547764724
2.65225,-0.026803238115779098
2.6525,-0.011264715572333798
2.65275,0.004273806971163674
2.653,0.019812329514611177
2.65325,0.03088550540637824
2.6535,0.03734736076031749
2.65375,0.04000184294872103
2.654,0.04265632513709572
2.65425,0.04531080732539954
2.6545,0.05295300498353499
2.65475,0.06057177745804324
2.655,0.05421384150801874
2.65525,0.03631920936401044
2.6555,0.01615618139025827
2.65575,-0.005331267193143918
2.656,-0.02681871577660415
2.65625,-0.0483061643600092
2.6565,-0.06447480364861345
2.65675,-0.09645081451848672
2.657,-0.1294053165089043
2.65725,-0.1623598184993098
2.6574999999999998,-0.1953143204897786
2.65775,-0.22418348747001804
2.658,-0.24955731728427477
2.65825,-0.26524310409989404
2.6585,-0.27468003160888743
2.65875,-0.27998297643075487
2.659,-0.28459281978015716
2.65925,-0.2892026631295649
2.6595,-0.29381250647897117
2.65975,-0.283983205181551
2.66,-0.27428688089461145
2.66025,-0.2586063938050736
2.6605,-0.24292590671553715
2.66075,-0.22960148229556984
2.661,-0.2235017009096557
2.66125,-0.22000943563187664
2.6615,-0.21242313292411122
2.66175,-0.18454332505707133
2.662,-0.15650728939245015
2.6622500000000002,-0.13063211554584359
2.6625,-0.10475694169929321
2.66275,-0.0788817678527362
2.663,-0.0604846405516676
2.66325,-0.052028074189613464
2.6635,-0.04839361464040173
2.66375,-0.04475915509119174
2.664,-0.04112469554196532
2.66425,-0.03713842079920876
2.6645,-0.03683856602972699
2.66475,-0.05515169636595094
2.665,-0.08907185568838732
2.66525,-0.12008567154445048
2.6654999999999998,-0.15109948740053772
2.66575,-0.18211330325672337
2.666,-0.2131271191128091
2.66625,-0.24167380053989188
2.6665,-0.2837894748788963
2.66675,-0.3253432101415543
2.667,-0.3668969454042084
2.66725,-0.41214154487498433
2.6675,-0.46092826094857026
2.66775,-0.5057211981179311
2.668,-0.5377742240282006
2.66825,-0.5671790111329593
2.6685,-0.5970019325656027
2.66875,-0.6211744946550276
2.669,-0.6444668930962997
2.66925,-0.6655789215154645
2.6695,-0.6432867118268377
2.66975,-0.6027724588062024
2.67,-0.5544781479019327
2.67025,-0.5061838369976844
2.6705,-0.45788952609329775
2.67075,-0.4090930398340014
2.671,-0.36078011370440927
2.67125,-0.2952184968511356
2.6715,-0.22298543042424865
2.67175,-0.15702488721614344
2.672,-0.09106434400787008
2.67225,-0.025103800799749734
2.6725,0.03423017281710294
2.6727499999999997,0.08847595026191454
2.673,0.12331602060396572
2.67325,0.14888775994045256
2.6734999999999998,0.17445949927696047
2.67375,0.19422801963900227
2.674,0.21496431674790145
2.67425,0.22953450421781385
2.6745,0.22745485724905937
2.67475,0.21492156489748485
2.675,0.2022493803910524
2.67525,0.18762565885756768
2.6755,0.17163563056808318
2.67575,0.15098939905123626
2.676,0.12473057481314417
2.67625,0.08810817784637008
2.6765,0.05477038219978281
2.67675,0.02143258655311974
2.677,-0.011905209093456924
2.67725,-0.04379701122832331
2.6775,-0.06984996047819861
2.67775,-0.09219636248285362
2.678,-0.10860483600923589
2.67825,-0.12501330953563014
2.6785,-0.1414217830620573
2.67875,-0.1539572872958152
2.679,-0.15634973281324363
2.67925,-0.14636373558162388
2.6795,-0.11648409368300727
2.67975,-0.07580528475911952
2.68,-0.03512647583518422
2.68025,0.00507586036591028
2.6805,0.041728490306624934
2.6807499999999997,0.07239652285491423
2.681,0.11586300114390234
2.68125,0.15499483564891808
2.6814999999999998,0.19412667015398358
2.68175,0.23581812368432872
2.682,0.27722374923684595
2.68225,0.3136766933744517
2.6825,0.3417680006990334
2.68275,0.35792825624360647
2.683,0.37135888144500206
2.68325,0.38478950664640277
2.6835,0.40190908980513096
2.68375,0.4240289782297252
2.684,0.43830983064565326
2.68425,0.45570124510567595
2.6845,0.46614756277188013
2.68475,0.47659388043811285
2.685,0.4859666270580492
2.68525,0.4910863434116943
2.6855,0.4940723832033858
2.68575,0.4826488869950433
2.686,0.4565699302678393
2.68625,0.4253043394093406
2.6865,0.39306536102370476
2.68675,0.36587816748261565
2.687,0.34147483257166084
2.68725,0.33228092258266634
2.6875,0.3240556569252426
2.68775,0.3224051150038579
2.688,0.32075457308246297
2.68825,0.31830245095706783
2.6885,0.318065645784672
2.6887499999999998,0.3265542556277021
2.689,0.34586009765664183
2.68925,0.376013409520887
2.6895,0.40865723901945894
2.68975,0.4377699363850025
2.69,0.4543795574576103
2.69025,0.4700200470002991
2.6905,0.4836162036028424
2.69075,0.5108665857622017
2.691,0.5332372429883396
2.69125,0.5551492451155583
2.6915,0.5780372542656752
2.69175,0.6020204532834164
2.692,0.6131407140412622
2.69225,0.6151154800006017
2.6925,0.6145575503916884
2.69275,0.6151120146298739
2.693,0.6174228274249051
2.69325,0.619994535766569
2.6935,0.6200605742602354
2.69375,0.6142217199733518
2.694,0.5982062430942687
2.69425,0.5723826905463598
2.6945,0.5499180882202142
2.69475,0.5317158718420287
2.695,0.5122116402717294
2.69525,0.5092864831683726
2.6955,0.4987461696748463
2.69575,0.484356071768698
2.6959999999999997,0.4706814763195839
2.69625,0.45910578977260985
2.6965,0.4475301032256827
2.6967499999999998,0.44478584973369245
2.697,0.44638770894033564
2.69725,0.44156684040689276
2.6975,0.440903649755968
2.69775,0.44207521753574663
2.698,0.4432763356223647
2.69825,0.4452211007688947
2.6985,0.4511201119064259
2.69875,0.4751719387161211
2.699,0.5110246181789126
2.69925,0.5434436618848596
2.6995,0.5693765783827802
2.69975,0.5953094948806822
2.7,0.6107304325000202
2.70025,0.6269802793787623
2.7005,0.6553153170310362
2.70075,0.6785289924260846
2.701,0.697499097097738
2.70125,0.7164692017694092
2.7015000000000002,0.734973875636758
2.70175,0.7440470571927094
2.702,0.7482989548290315
2.70225,0.748261782982303
2.7025,0.7491501227838356
2.70275,0.7508782851996474
2.703,0.7526064476154691
2.7032499999999997,0.7473461454667529
2.7035,0.7326130095359019
2.70375,0.7051078192595734
2.7039999999999997,0.6772554982780331
2.70425,0.6519940215381204
2.7045,0.6267325447982036
2.7047499999999998,0.6067208893989581
2.705,0.5951497600028001
2.70525,0.5744320631373514
2.7055,0.5510896862540714
2.70575,0.5306295009534838
2.706,0.5089243899773286
2.70625,0.48721927900107626
2.7065,0.46325946007364915
2.70675,0.4534343451975764
2.707,0.45940988872236393
2.70725,0.4790910092236135
2.7075,0.49865701477950397
2.70775,0.5182230203354239
2.708,0.5343832571125015
2.70825,0.5505723950677134
2.7085,0.585531145915334
2.70875,0.6241870944823922
2.709,0.6596564691851807
2.70925,0.6951258438879637
2.7095000000000002,0.7297499542854317
2.70975,0.7489604884400398
2.71,0.7724185925224745
2.71025,0.7923041595465233
2.7105,0.8048700839136992
2.71075,0.8174360082807727
2.711,0.830001932647856
2.7112499999999997,0.850447030305673
2.7115,0.8723719961387666
2.71175,0.8767831808201106
2.7119999999999997,0.8688688990352137
2.71225,0.8603560942196272
2.7125,0.8492865417282756
2.7127499999999998,0.8418509226206214
2.713,0.8552910496976598
2.71325,0.8517737448310048
2.7135,0.8387436281280464
2.71375,0.8231156468235398
2.714,0.807487665519079
2.71425,0.7918596842146363
2.7145,0.7834537816910301
2.71475,0.7781369121233539
2.715,0.7664507416006311
2.71525,0.7690596754505271
2.7155,0.7716686093004635
2.71575,0.7742775431504164
2.716,0.7743619653548006
2.71625,0.7678625006041359
2.7165,0.7770358416906796
2.71675,0.7993491508778863
2.717,0.8214186767123398
2.71725,0.8434882025468196
2.7175,0.8655577283813006
2.71775,0.8709225894364425
2.718,0.8718809855402906
2.71825,0.871647641758568
2.7184999999999997,0.8730809352112553
2.71875,0.8745142286639892
2.719,0.8763596275552618
2.7192499999999997,0.8747254745202763
2.7195,0.867200004041845
2.71975,0.84464896146653
2.7199999999999998,0.8112257603877002
2.72025,0.7750499745994811
2.7205,0.7388741888112492
2.72075,0.7026984030230129
2.721,0.6856764996669178
2.72125,0.657847967692689
2.7215,0.6110058667467567
2.72175,0.5558691042254984
2.722,0.5007323417043599
2.72225,0.4455955791832388
2.7225,0.3958826183242876
2.72275,0.35201445998664865
2.723,0.3333693365074406
2.72325,0.31121694503488173
2.7235,0.285438823044641
2.72375,0.25966070105437367
2.724,0.23348813005409888
2.72425,0.2011840039441698
2.7245,0.18228526345166005
2.7247500000000002,0.18485128411533253
2.725,0.19379678264465205
2.72525,0.20274228117396334
2.7255,0.21198532537844447
2.72575,0.21723986906398005
2.726,0.21929627484520717
2.72625,0.2365054767901726
2.7264999999999997,0.25255444830632306
2.72675,0.26828605076124895
2.727,0.2840176532161285
2.7272499999999997,0.30065041182144037
2.7275,0.3221711172735738
2.72775,0.3397078459393916
2.7279999999999998,0.3502180731541278
2.72825,0.3563735391720131
2.7285,0.3625290051898677
2.72875,0.3686844712077081
2.729,0.3802858422351861
2.72925,0.3799785248010416
2.7295,0.3496293736533635
2.72975,0.3105972748153624
2.73,0.2689743547111809
2.73025,0.2271692946895199
2.7305,0.1854921688785305
2.73075,0.14736644651503145
2.731,0.11097024195426058
2.73125,0.07207353608508069
2.7315,0.03849874565198246
2.73175,0.004923955218897915
2.732,-0.028378961048031906
2.73225,-0.054617172378288066
2.7325,-0.0716673084403237
2.7327500000000002,-0.06469970188426848
2.733,-0.04367778003101278
2.73325,-0.02071884959986812
2.7335,0.0022400808312785193
2.7337499999999997,0.022282950334678798
2.734,0.03647587096637095
2.73425,0.05758300170037641
2.7344999999999997,0.08040980996698638
2.73475,0.10690490396101367
2.735,0.13339999795499494
2.7352499999999997,0.15989509194897625
2.7355,0.18250128104894167
2.73575,0.20729281997201246
2.7359999999999998,0.22476838881245284
2.73625,0.23687979041346138
2.7365,0.24974155804362655
2.73675,0.26349428052928675
2.737,0.27532072588894246
2.73725,0.2710152627126791
2.7375,0.25764139273475756
2.73775,0.23593610646730295
2.738,0.20709429112145314
2.73825,0.17825247577561032
2.7385,0.149468353878868
2.73875,0.12587013636845865
2.739,0.1062502024755727
2.73925,0.09190688158565463
2.7395,0.0716016251849226
2.73975,0.05107822925360296
2.74,0.030554833322282444
2.74025,0.0070015668450192125
2.7405,-0.010346503226923256
2.74075,-0.019440060554292645
2.741,-0.02626067830793901
2.74125,-0.026441736285431505
2.7415,-0.026622794262885073
2.7417499999999997,-0.022341135520869634
2.742,-0.012373163778262242
2.74225,-0.002201718506303375
2.7424999999999997,0.008434406173346544
2.74275,0.02589690110460158
2.743,0.05048497998417404
2.7432499999999997,0.09055919491469673
2.7435,0.14401342005995157
2.74375,0.20129616198718167
2.7439999999999998,0.25980717587259333
2.74425,0.31625041228951684
2.7445,0.37073316966518777
2.74475,0.42521592704088607
2.745,0.47128568532986714
2.74525,0.49951392977113707
2.7455,0.5196735120719097
2.74575,0.5336855248926269
2.746,0.543186289962353
2.74625,0.5526870550320601
2.7465,0.5606829379827459
2.74675,0.5565249311530208
2.747,0.5508916931428726
2.74725,0.5349600678286572
2.7475,0.5151693962564153
2.74775,0.49562297551970114
2.748,0.4779622656058283
2.74825,0.4641236460322304
2.7485,0.4523220854351673
2.74875,0.44203963588832484
2.749,0.4336998530750921
2.74925,0.4296714864286023
2.7495,0.42555424234625394
2.7497499999999997,0.4172486463065474
2.75,0.4060151192716086
